"lasso_predict","lasso_prob"
1,0.674863193547476
1,0.640365807854455
1,0.708563278199096
1,0.658426667915487
1,0.658426667915487
1,0.700057460548273
1,0.709484146133117
1,0.701327926288483
1,0.599156973931783
1,0.603858141275382
1,0.588910625707068
1,0.564269800866867
1,0.588469467840027
1,0.591729375367708
1,0.636749431534366
1,0.558609339101734
1,0.508659049043295
1,0.583527677889115
1,0.628021346689847
1,0.58810821277562
1,0.508659049043295
1,0.615902805187942
1,0.641737032018914
0,0.459722983399042
1,0.571959355467987
1,0.571785122721211
1,0.580891016213663
1,0.512116449164479
1,0.583425888181169
1,0.608360934721057
0,0.455066433098397
0,0.434278542816899
1,0.501949781461161
1,0.534049865499321
1,0.591989796369609
1,0.588116957998956
0,0.477038543631191
1,0.566800477027565
1,0.573761084399515
1,0.615159556830726
1,0.544232540864382
1,0.577814201187538
1,0.535682120139536
1,0.747163501100377
1,0.50224956624063
1,0.509550068665046
1,0.533261653804555
1,0.502675246909269
1,0.550136001018158
1,0.50104190982484
1,0.540820825569154
1,0.559711979377311
1,0.582242869561899
1,0.512007029738961
1,0.510391174731895
1,0.56787341195998
1,0.550319238808867
1,0.542279031519584
1,0.5089705328073
1,0.55943280421673
1,0.615853664699784
0,0.450144445253878
0,0.462224160435155
1,0.535496165298698
1,0.607634919827276
0,0.487991314694887
0,0.465069071218038
1,0.521934288324983
1,0.578538574353957
0,0.482153594842696
0,0.4923638746786
0,0.492434615652682
0,0.474217966131502
1,0.528191033858669
0,0.483778492491914
1,0.543499763320587
1,0.501946712164774
1,0.604184501007423
1,0.519516877203718
1,0.530498698196626
0,0.490158746593231
0,0.468465435619155
1,0.539430783210922
1,0.548880745014502
0,0.457184347032523
1,0.540361185700622
0,0.475710723519695
1,0.601722287921326
0,0.488142644733763
1,0.597671184965007
1,0.615593897500006
0,0.484115293928397
1,0.527674602614232
0,0.498931567304539
1,0.53096617070598
1,0.535551299784038
0,0.498558991205132
1,0.532745624378885
1,0.534518853634685
1,0.538791640010597
1,0.545889466038223
1,0.57302261198563
0,0.498388024611282
0,0.437038312204087
0,0.46937849468209
0,0.439077932700761
1,0.556232143560487
1,0.619300457300448
1,0.554066402378881
0,0.456423915665337
1,0.593952581575779
0,0.45173578430646
1,0.600998338117926
1,0.531505420995118
0,0.450459461095229
1,0.59712961006183
0,0.480648406981116
0,0.499983125613526
1,0.561464830168711
0,0.499619741596164
1,0.538990325802651
0,0.484903651468223
0,0.490958938986018
1,0.53101725234052
0,0.456316798974344
1,0.508771977716513
1,0.501760413219522
1,0.536993773022386
1,0.577222642032453
1,0.593220187898842
1,0.569084455140519
1,0.575382512236102
0,0.456560818751331
1,0.510783465460467
0,0.491261942165848
1,0.585016212132948
0,0.492744280466193
1,0.535673841594312
0,0.495398434244565
0,0.485315818656245
0,0.494629745500743
0,0.49410176419788
0,0.48179529092587
1,0.566625446590102
1,0.587943316723248
1,0.533574721561653
0,0.475813766790499
1,0.527611135746868
1,0.565765602271124
1,0.622240571364597
1,0.589122074108273
0,0.468829897343376
1,0.558430237269142
0,0.489503849762438
1,0.579199025877405
1,0.556400054458895
1,0.53099557440228
1,0.620145539261483
1,0.561724916766587
1,0.553209013669841
1,0.530231832435387
1,0.541633741449612
1,0.591865330876981
1,0.588469821966367
0,0.449712071907945
1,0.585389254398584
0,0.488668357499299
0,0.483438251581269
1,0.565560189422588
0,0.460254415319064
1,0.542163625537647
0,0.499683896046458
1,0.59831992350073
1,0.52625386969114
0,0.460195595945862
0,0.486353960362766
0,0.456979455139602
0,0.478490271807866
1,0.527778690796394
0,0.480625647605607
1,0.565192798078684
1,0.525039784441088
1,0.594839339425614
1,0.564402045893133
0,0.481393837531644
1,0.528976967072778
0,0.499302265061174
1,0.600512728065391
0,0.479267059299952
0,0.464723935302227
0,0.440125532161554
0,0.457246749122149
1,0.534749174852199
0,0.459295019256724
1,0.540833838597569
0,0.497093482351745
1,0.566007545797944
1,0.537632704843308
1,0.556638332498806
0,0.487591939244137
1,0.56360656481444
0,0.438616836169266
1,0.557920235654109
1,0.504938985006362
0,0.483360163703515
0,0.479267059299952
1,0.596894093746207
1,0.562653130042937
1,0.541470643911011
1,0.507902823292952
0,0.486604179406518
0,0.442489167707019
0,0.479267059299952
1,0.544216714327406
1,0.615032530866958
1,0.518255599023945
0,0.489456343487943
1,0.533784265088196
1,0.58356175298298
0,0.428388509291102
1,0.575979881479111
1,0.566115675551374
1,0.561834212620364
1,0.555810996199401
0,0.44234363444329
0,0.44879705170708
1,0.551851591670201
0,0.483930955103178
0,0.425471111040131
0,0.471651851042273
0,0.463337905419005
0,0.491098062284127
0,0.483345090075907
1,0.514562838655405
0,0.487067079747268
0,0.449868391465292
1,0.597626185439858
0,0.495778118598187
0,0.437721653996646
1,0.561166280804209
0,0.452094946417871
1,0.506978584135788
0,0.438896976180677
0,0.494802851149025
0,0.449613104072424
0,0.469827384606035
1,0.505465612295539
0,0.49358955024936
0,0.445069894103321
1,0.505224504234225
0,0.450991279090382
0,0.46089737652231
1,0.599773295873113
0,0.476410518720736
0,0.45231431782636
1,0.55421358936121
1,0.560285827129086
1,0.509907506540566
0,0.492846467094292
0,0.440137511348048
1,0.523398756713171
0,0.458153578064472
1,0.560285827129086
1,0.558538778803788
0,0.483741880069317
1,0.560285827129086
1,0.525213903171702
1,0.52027683321632
0,0.456446391317585
1,0.517718673060161
1,0.530467100051753
0,0.465400910680059
1,0.509787387468644
1,0.591473973681072
1,0.604692736638462
1,0.604337645009946
1,0.547275177529013
1,0.605880748657302
1,0.588812536963374
1,0.52994698170358
1,0.546829099316139
1,0.547509754896169
0,0.483874783272929
1,0.525945611423011
1,0.590878409964838
1,0.509168663416249
1,0.531955531285824
1,0.59445954381714
0,0.456807077574571
1,0.528118500801394
1,0.516347236138928
0,0.483523953574846
1,0.574516474276058
1,0.512834982555242
0,0.476167847178933
0,0.492841908659378
0,0.450087305665101
0,0.480605184393754
0,0.460430526608383
1,0.504016802569774
0,0.466377079975328
0,0.465249078555441
0,0.497965679876451
0,0.458963431591237
1,0.517679769124437
0,0.478135901048383
0,0.491610476446515
0,0.480383318326579
0,0.480624720017682
0,0.483229101648095
0,0.479361472124983
0,0.489171069033369
0,0.484660386019925
1,0.546903730354828
0,0.479363411773205
0,0.485493457147297
1,0.502561339768994
1,0.579526268052786
1,0.566272042582505
0,0.440504083366986
1,0.566303170000503
0,0.481109504147165
0,0.492413653474673
1,0.589411681676906
1,0.58229191856605
1,0.562765879946571
1,0.594985496078941
1,0.51184595389323
1,0.52688873208434
0,0.482274247925743
0,0.489876608989389
1,0.544844126121289
1,0.515886777287711
0,0.469327431705375
0,0.456514825286176
0,0.491491153932278
0,0.486205372472941
1,0.512870349759785
1,0.550188435848301
1,0.538629739892963
1,0.586138101018343
0,0.477367861333028
0,0.433763123467103
0,0.426292054192663
0,0.486229044695009
1,0.500648959950575
1,0.517204133359095
0,0.49442114099138
0,0.465967643677735
0,0.455270567931719
1,0.618202523148975
1,0.526711117248312
1,0.515129931645754
1,0.52867999005109
1,0.516813459945294
1,0.552697702508399
0,0.432506310026263
0,0.498649487320677
1,0.608139827781398
1,0.504466242324549
1,0.509325597824497
0,0.441512470123834
1,0.550263900312769
1,0.501435843863487
1,0.528138522043103
0,0.480245916397901
1,0.519547697280993
1,0.592841894453711
1,0.580062230017243
1,0.553369773963798
0,0.452024202294766
0,0.454834336850237
0,0.491889355302021
1,0.513059097630401
1,0.545513112036525
0,0.462922218585113
1,0.574558817661498
0,0.477074354562668
1,0.571990604469504
1,0.516139029198429
0,0.495648000284778
0,0.46742392864202
0,0.494302022872247
1,0.532482942200858
1,0.566454648500473
1,0.541561047512885
0,0.443313602937208
0,0.439921474188718
0,0.440195590571453
1,0.583491538373965
1,0.527382041046556
1,0.507823077939708
0,0.462246958853484
0,0.476045075606632
1,0.518608546368747
1,0.584926804677496
1,0.618205530483344
1,0.605801232357266
0,0.476404432030264
1,0.583634909461222
1,0.56995893801106
1,0.570466844599542
1,0.583090965827217
0,0.494434345326284
0,0.45603596347008
1,0.566454648500473
0,0.428155727413081
1,0.61751363366088
0,0.492463889042485
1,0.566454648500473
1,0.512297072747164
0,0.496489777348172
1,0.612662007077427
0,0.492095829222354
0,0.493797334411602
1,0.536240407368977
1,0.588864243303365
0,0.475698231019024
0,0.482748357592841
1,0.508789609695108
0,0.499506131523074
0,0.475631736063946
1,0.507823077939708
1,0.568139486369427
0,0.498502866453323
0,0.429739515959231
1,0.53564840130071
0,0.483241563862198
1,0.528035192466798
1,0.503911227904653
1,0.514304132537698
0,0.466442311436778
1,0.573016390826948
0,0.494175113295081
1,0.541885822125933
1,0.553204334642385
1,0.590142309683457
0,0.47915533734413
1,0.508734916792628
1,0.577938392441741
1,0.524940974326813
0,0.487396607256423
1,0.527476330795449
1,0.542804875183603
0,0.482770571660177
0,0.499446300557787
0,0.48989690464172
0,0.461603958379609
1,0.509115861564952
1,0.566403216515315
0,0.43722860042158
1,0.533682920959625
1,0.502085971572602
0,0.481309265777032
1,0.587453678171351
1,0.513124008836271
1,0.587869555970256
1,0.542230945322147
1,0.612363471679583
1,0.50209605134766
1,0.577514788237919
1,0.568899426717687
1,0.540982200731203
1,0.566551883904278
0,0.458629353573364
0,0.436528132831576
1,0.516137418752882
0,0.480698603609779
1,0.59053674055213
1,0.564813102271846
1,0.558708026631629
1,0.566999271897582
1,0.518835054977381
0,0.49688339195806
1,0.582271847835225
1,0.598471742636522
1,0.560997851447236
1,0.588081792810424
1,0.520606895538549
0,0.496301007485817
1,0.505094608126304
0,0.494664535223257
1,0.502284257077403
0,0.485536335125498
0,0.49154459324006
0,0.480775966228024
1,0.526327736823798
0,0.491602224572474
1,0.543060929626674
0,0.490056535060393
1,0.53512171145446
0,0.461835925662006
0,0.47194152381981
1,0.564915799361619
1,0.510907124525341
0,0.494130119857706
1,0.569392762049886
1,0.553484173075446
1,0.50924721175145
0,0.464134958779375
0,0.465903021676593
0,0.49790388700347
1,0.508767265136319
1,0.526243331645525
0,0.47701192620549
1,0.525580302476553
0,0.485099750131256
1,0.559674131128256
0,0.468887693590513
0,0.463638268350835
1,0.510815101355413
1,0.522425976751616
0,0.466383613655121
1,0.502985239690446
0,0.48964327601557
0,0.453238833064351
0,0.457607965671885
0,0.452043300156575
0,0.487254821153346
1,0.575249711808268
1,0.573312181299842
1,0.563441822347082
1,0.570451362232774
0,0.458973243651549
0,0.454677207885141
0,0.471912581741298
1,0.506159970538273
0,0.494052436187848
0,0.481331663501929
0,0.441028419883687
1,0.547473462615655
0,0.454861572165805
0,0.467666486570605
0,0.466249227817173
0,0.469898785326964
1,0.501257875328036
1,0.551876806928832
1,0.50457859059205
0,0.463061057007629
0,0.476203002064599
0,0.45829670351403
0,0.49790388700347
1,0.538646399233482
0,0.465294362330543
1,0.52042111466944
1,0.51371520649596
1,0.536759019211846
1,0.540560087997534
1,0.510673395134373
0,0.434089028124319
0,0.475360520206071
0,0.453831859765141
1,0.579851571450193
1,0.532553029283944
0,0.473435577481793
0,0.495861868243922
1,0.569639868485287
1,0.518079557481407
0,0.440536857012614
1,0.563793175536278
1,0.571121815474685
1,0.553938247321423
0,0.440129418158834
1,0.520404452595834
0,0.458766283180065
1,0.523159588446411
0,0.49971626023862
1,0.578564318628562
1,0.547424909726807
0,0.47982409594102
1,0.548586540452257
0,0.49681331696931
0,0.425197935159826
1,0.507155861024382
1,0.516462755358983
0,0.430518048324385
1,0.537257786796833
1,0.500335192025403
0,0.474151551755325
0,0.48337111174313
0,0.44817099422234
1,0.50980940032536
0,0.452724368070146
0,0.433543957962315
1,0.554778559883885
1,0.604425846248721
1,0.50433255994568
0,0.487164472779408
0,0.480443018404735
1,0.544028290684375
0,0.481931967746628
1,0.575044026604706
0,0.498638618578137
1,0.507120443824274
1,0.506243105910716
0,0.493967254965644
1,0.585566818788693
1,0.50383561865808
1,0.508676596921485
1,0.575217399995061
1,0.548609564348448
1,0.524469925852947
0,0.471085007353106
0,0.456656033788306
0,0.461767104281084
1,0.571553249106763
1,0.537140909505018
1,0.573637288353658
1,0.527003435394307
1,0.546516257190707
1,0.540591886439202
1,0.588562849582441
0,0.485758916727387
0,0.476655107890595
1,0.504614494332688
0,0.485822453934613
1,0.556762991774417
1,0.577816986993865
1,0.53591421405804
1,0.616775627580202
1,0.538486754679879
0,0.465776517197147
1,0.514638888618833
0,0.473571092630258
0,0.456275194317775
1,0.539904241220018
1,0.559758112334055
0,0.458876502189019
1,0.526740860391224
0,0.471648471338583
1,0.584009114976093
1,0.524076265636401
0,0.479936183651242
1,0.590441728051165
1,0.518936442821333
0,0.479408661954683
0,0.434191558101219
1,0.50567750399633
1,0.502823565261277
1,0.541061932797115
1,0.52086663430181
1,0.572343782029179
0,0.443952736038989
0,0.494097234993158
0,0.492455314415066
1,0.513799348429745
1,0.540096072856004
0,0.430146168545207
0,0.49211395792151
1,0.505476773083639
1,0.584250962654888
1,0.543233319473594
0,0.470630669962959
0,0.467016453765495
0,0.494097234993158
1,0.585392329634422
0,0.464216200807497
1,0.504225560831142
0,0.473469983903859
0,0.482897359952082
1,0.501747490447439
1,0.507853522619971
0,0.482093098744654
0,0.48193693321926
1,0.531860433219504
0,0.496244425881994
0,0.486681081537621
0,0.437937262147594
0,0.481285996033324
0,0.474483463113159
0,0.483703526828815
1,0.577602971221772
0,0.473571092630258
0,0.4634444855229
0,0.442317537401153
0,0.494060627978137
1,0.514757451870655
0,0.453534794498372
0,0.482887029718203
0,0.489053576106931
1,0.524230250503826
1,0.570272898017448
0,0.495361037497995
0,0.453688965706115
0,0.455584549020217
1,0.577597470332575
0,0.47278147678624
1,0.544868041704274
1,0.531541477013791
0,0.450290259535358
0,0.474949279894321
1,0.528015290947102
1,0.58207179044656
1,0.501199984179494
0,0.458372292661362
0,0.477839462234815
0,0.487617355384544
1,0.500272297587446
0,0.455296591896689
0,0.480139296540886
0,0.461795674811273
0,0.493340606788358
0,0.443909812576712
0,0.485431116242136
1,0.522795140125619
0,0.431036432750867
1,0.512592013796084
0,0.496918542098121
1,0.516369073147296
0,0.453194100942465
0,0.493132048148191
0,0.46312533918301
0,0.463931103150283
0,0.492806117467687
0,0.493114973273792
0,0.443986932492596
0,0.483074889072849
0,0.474032814352739
0,0.46597710401494
0,0.434309764594417
1,0.537684404925065
1,0.516749719419565
0,0.460576959790041
1,0.548144000666398
1,0.504537416760095
0,0.462657296184379
0,0.468764960311392
1,0.543763509375747
0,0.461253406238049
0,0.457437735581939
0,0.499596557923882
1,0.54270703732115
1,0.526166658422435
0,0.466537966562723
1,0.501531698435527
0,0.464234458267744
0,0.477039939623709
1,0.501029434534902
1,0.507319829640006
0,0.481978781182377
0,0.491301417093242
1,0.510204098358935
1,0.517537050536189
0,0.491064011545661
1,0.51065032982754
0,0.465413873405878
1,0.520397029119756
1,0.552721284450963
0,0.446034201767005
0,0.433978996454687
1,0.531769469718162
1,0.550130797744738
0,0.493884924196241
0,0.462208403135759
1,0.530338700338725
0,0.426254023896279
1,0.557550686169733
1,0.510834957749475
1,0.514017224294299
1,0.52794100214675
1,0.506454968009463
0,0.432664158776526
0,0.462172733970384
0,0.480651735350941
0,0.492219118279861
1,0.504892958813071
0,0.471051369824644
1,0.512244314200112
0,0.463348474209312
0,0.474115636893111
0,0.485288342624258
0,0.445054047537485
1,0.507031531996447
0,0.498255979303477
0,0.48345287521087
0,0.449140162717778
0,0.466249870082826
0,0.42962809652146
1,0.563487995665185
0,0.478969418648259
1,0.555218610734245
0,0.484133839899427
0,0.483586975780534
0,0.47741170172982
0,0.432747162738252
1,0.516889012331141
0,0.498324121045363
0,0.442297513744363
1,0.53374481139016
0,0.454158336497031
1,0.515607319735077
1,0.506970323908984
0,0.478342924290608
0,0.446126574422435
0,0.453308702384608
1,0.522216461453903
0,0.431802255279792
0,0.435774214933904
0,0.456184880081276
0,0.454173256445639
1,0.538844708667898
0,0.431945458602866
0,0.495114274706377
1,0.547956756165288
0,0.434651444703698
0,0.44369937555563
1,0.528215467718049
1,0.502395564480707
0,0.449410856596459
1,0.555703038623655
0,0.466119596757922
1,0.533849238293825
0,0.49336173176924
1,0.528979192866632
0,0.437080241347043
0,0.454967884783696
1,0.538764905270103
0,0.435348126851308
1,0.519165609263912
0,0.467170193955735
0,0.42856507741864
0,0.435960445845936
1,0.50931448919887
0,0.480101400791934
0,0.49218181744715
0,0.433441494918894
0,0.465988462423428
0,0.461617650788225
0,0.444297628972806
0,0.447176315848419
1,0.506914575431795
0,0.470786749558508
0,0.437875505015843
0,0.476161897252
0,0.470180326870744
1,0.525752980798657
0,0.464319755836227
1,0.520450931108121
0,0.453225521633326
0,0.432398870396804
0,0.438672653067563
0,0.434012274730042
0,0.457128381800323
0,0.43353980255835
0,0.434557607661098
0,0.433958109765484
0,0.432534645501691
0,0.471023354541475
0,0.42955088114263
0,0.432451625369714
0,0.445484633844244
0,0.440031673481763
0,0.434699372996739
0,0.430409497725611
0,0.435924309228413
0,0.444583618674219
0,0.444012979186278
0,0.45097440990683
0,0.49765933808765
0,0.43424582951347
0,0.433714232382107
0,0.443120346073418
0,0.439025224860038
0,0.436574846559441
1,0.531517924089922
0,0.434270027316078
0,0.441699037047255
0,0.447424102593782
0,0.432923975026367
0,0.479544352675551
0,0.468919026149414
1,0.50476586828707
0,0.481007175279595
1,0.502067422163748
0,0.47907923054811
1,0.552732092605485
0,0.465179316246391
1,0.519561903871008
0,0.497417366983961
0,0.434548402999717
1,0.521600304216434
1,0.514052611313848
0,0.491487463383292
0,0.46577747136985
1,0.514745474968608
0,0.476481991385976
0,0.479526442363888
0,0.464934698924805
1,0.506335079748525
1,0.505165426296461
1,0.539071392118318
1,0.50135144177514
0,0.484661249724751
0,0.472567989280483
0,0.462942058444663
0,0.454243984850878
1,0.545944379192571
0,0.476779075949246
1,0.537708228690724
1,0.531586631857596
1,0.517636335208756
1,0.51564212450828
0,0.441263430069256
0,0.484540939403592
1,0.534479697040959
1,0.502736338048632
0,0.434046871929535
0,0.428094883642778
0,0.47586090650892
0,0.457999418869277
0,0.463048563722579
0,0.492390661171225
0,0.453164072560634
0,0.485503720991016
0,0.451673829962791
1,0.510376864474642
0,0.48012817606541
0,0.433822561545625
0,0.455092525018015
0,0.430368308569337
0,0.445901842570442
0,0.475916378095816
1,0.511819527116818
0,0.430368308569337
0,0.453106450229358
0,0.492179536745989
0,0.486473062474523
0,0.431706794199227
0,0.47097747493648
0,0.451878819591519
0,0.430132070045613
0,0.463836910119047
0,0.435434081090737
0,0.442362265580616
0,0.424745660862979
1,0.568445568039728
0,0.468722256266873
1,0.527403388877104
1,0.505981964731717
0,0.490147622428899
0,0.466091250655945
0,0.493672698201898
0,0.487969299963365
1,0.511537537068758
1,0.527672070958162
0,0.487430593236036
0,0.479761838394677
0,0.449767427165637
0,0.487289458176692
0,0.484273884851148
1,0.517116488528466
1,0.505122696253467
0,0.458716546351837
0,0.487660119605003
0,0.492715572560711
0,0.425323531112003
1,0.532014106430306
1,0.540946075812795
1,0.506177579000659
1,0.511021460354448
1,0.506561909145288
1,0.545552107883822
0,0.424551314579306
1,0.517999901232985
0,0.431893639998602
0,0.425685194213685
0,0.435375430184931
1,0.521123023891585
0,0.482707130547382
1,0.526648678658642
1,0.557278162847944
0,0.484339826364072
0,0.4512535652919
1,0.538666202117314
1,0.521935157149113
1,0.543302366274269
0,0.458028741747329
1,0.606639216725378
1,0.559785873839967
1,0.544631873919802
1,0.563414812658186
1,0.589926484830552
0,0.48588631646498
1,0.578605990658501
1,0.51948016259353
1,0.508309665281541
1,0.55899755153836
1,0.581214816428432
0,0.4571449212661
1,0.53312073588473
1,0.596254034922883
1,0.56099838936786
1,0.595849479248739
0,0.472089431938781
1,0.530748421509088
0,0.465453886938415
1,0.57917130493456
0,0.441834141385709
1,0.530069411134123
1,0.549446993106157
1,0.58127146637679
0,0.492391368057952
1,0.54373141362144
1,0.603768282994005
1,0.543834398224
1,0.54373141362144
1,0.527206464838072
1,0.594576509459789
1,0.599198460752189
1,0.598345651774107
1,0.580059718261676
1,0.577723046595459
1,0.561999600134793
1,0.547251003997715
1,0.607647890524399
1,0.535086510674838
1,0.53968795142343
1,0.591095628017326
1,0.603768282994005
1,0.521838160381188
1,0.612651864621376
1,0.537107408725369
1,0.513340972346522
0,0.481626807281827
1,0.505078233947378
1,0.511256391922774
1,0.524453169224383
1,0.50416473332984
1,0.507356830301178
1,0.532082667960953
1,0.530207457359361
1,0.502011060827407
1,0.53960396261322
0,0.483858461179099
1,0.535143721523151
0,0.499785757312845
1,0.56819063174159
1,0.519701121935576
1,0.590033516233041
1,0.595534463867579
1,0.592134245074271
1,0.549177386904386
1,0.561821121547734
1,0.584010135807842
1,0.607183076783711
1,0.551195581680608
0,0.468717988336217
1,0.604003804264851
1,0.598412754767716
1,0.611305396676421
1,0.582303495470459
1,0.553042129666135
1,0.582381162816875
1,0.574299696273925
1,0.594435912538033
1,0.555463665024423
1,0.573094875166896
1,0.588922896536047
1,0.547097289276698
1,0.594719429995692
1,0.596249228935785
1,0.604946010012804
1,0.577945340896347
1,0.551790791247343
1,0.572099298108293
1,0.542789552550227
1,0.574350074332859
1,0.570646716882151
1,0.599172578381643
1,0.580312892050495
1,0.558995240715119
1,0.560449918084928
1,0.562611864593319
1,0.596517268288515
1,0.60523558905404
1,0.587309039087962
1,0.581031234267042
1,0.601902768031398
1,0.584372935089357
1,0.599338133258908
1,0.605749379011999
1,0.543178008934514
1,0.575679746877333
1,0.581354515347891
1,0.534999114312223
1,0.563205265941348
1,0.590462678462115
1,0.50642056672473
1,0.564107350018085
1,0.584727628304965
1,0.586116274290286
1,0.60716305494911
1,0.594501272443584
1,0.588639269692286
1,0.606903558982633
1,0.615934846829975
1,0.534975426723795
1,0.605640685270379
0,0.440736584124689
0,0.439024494680963
0,0.437885685655347
0,0.425362086979921
1,0.559564894667956
1,0.504918265712518
1,0.588852874391385
1,0.575757937419501
1,0.637173932640367
0,0.483337231257113
0,0.464295170402269
1,0.574603316908682
1,0.533511771535842
0,0.467294239276265
0,0.483757836277209
1,0.502599295040513
1,0.501044197191319
0,0.485676233857396
0,0.449212710173667
1,0.567827711151388
0,0.498476373907742
1,0.515795404111517
0,0.463694409622315
1,0.602863471917084
1,0.564914055722776
1,0.595980039902778
1,0.627048094750545
0,0.429163515680666
0,0.495689117430713
0,0.463277049230015
0,0.482914471069539
1,0.549260456428294
0,0.436502022556419
1,0.553603554879988
1,0.591565437592915
1,0.54210780626031
0,0.494808910498145
0,0.490206820766548
1,0.588852874391385
1,0.630703080199037
1,0.558649340543627
1,0.601970412992818
1,0.59507416883227
1,0.599172161038744
1,0.554212393022551
0,0.435628463662694
1,0.500945926069844
1,0.54895614585536
1,0.573477065209389
1,0.575337561857571
1,0.540587949222327
1,0.55220447335753
1,0.557867471473042
1,0.575926771815473
1,0.57688510091025
1,0.558673484144783
0,0.424107047072475
1,0.583276535218072
0,0.442559088832603
1,0.602331675742025
1,0.5665131974254
1,0.561815889088823
1,0.612586960056735
1,0.582864999189486
0,0.439857391463546
1,0.547753736309862
1,0.612860577387714
1,0.548483503771317
1,0.607959627473836
1,0.568424027616214
1,0.602715425594008
1,0.602878650601819
1,0.563615809322448
1,0.586699455855476
1,0.612105719017473
0,0.481913292423669
0,0.440802144366646
0,0.421880380756646
0,0.464088915323406
1,0.520778866033941
1,0.549606857533148
1,0.503139236038132
1,0.553946743950032
1,0.584835682674212
1,0.544521538832582
1,0.543939918884918
1,0.563192177589194
1,0.558824465990534
1,0.57387567131368
1,0.539001813019894
1,0.542335475454882
0,0.476246772969213
0,0.440345049091012
1,0.562288181224904
1,0.592554076959725
1,0.574067596798771
1,0.56704194845782
0,0.447850152879702
0,0.453399413860239
0,0.437793755764731
1,0.530806483335348
1,0.531270113223312
0,0.468754018670266
0,0.46851418642129
0,0.453615690578463
0,0.493697762192189
0,0.433627470459073
0,0.423266285527813
0,0.439792239412137
0,0.442014503624847
0,0.43087131665612
1,0.546415436821515
0,0.47002598990597
1,0.545903548095038
1,0.583936620247236
1,0.53869537741715
0,0.473489296810012
1,0.539049564601311
1,0.551832895244814
1,0.555323881585921
0,0.455604483978083
1,0.606387103205599
0,0.417590524836426
0,0.427161167246764
1,0.51394930570779
1,0.528905137227959
1,0.562072093135876
0,0.43291135111085
1,0.57639191381331
0,0.464475548844542
1,0.572831499682357
0,0.447659712940416
1,0.589642207606376
0,0.483387265390824
1,0.563960954949811
1,0.588901259201458
0,0.452802091157175
0,0.469049913287878
1,0.533478576202222
0,0.454506473841799
1,0.525012409583127
0,0.469551110953234
0,0.425161805866904
0,0.451978013739095
0,0.434844712530077
1,0.536239208360715
0,0.46728418877283
1,0.530075193064501
0,0.47589762373389
0,0.445455298565015
0,0.447210808461701
0,0.424284993595998
0,0.422891037763235
1,0.513273636141504
1,0.538494600314384
0,0.445243742618052
0,0.426958860794644
0,0.431382718185701
0,0.423455133812197
0,0.469936656466228
0,0.438779047532257
0,0.424399473596261
0,0.456126197144364
1,0.5332764316936
1,0.532913400569235
0,0.443603009355792
1,0.541126193612029
1,0.595760084229072
0,0.486417566312834
1,0.552079492863841
1,0.566581473383285
1,0.579619563002242
1,0.555656054426291
0,0.439149914627014
1,0.501788312255775
1,0.565953845398543
1,0.522526714416378
1,0.510640674607866
0,0.491471057202556
0,0.424686860237592
1,0.507826083032385
0,0.499330328120957
1,0.524336894317839
0,0.452589629451128
0,0.440262030721603
0,0.433747992867006
0,0.450048156286924
1,0.559122993511831
0,0.478535068529903
1,0.582203031505212
0,0.49757510383141
0,0.482893502111679
1,0.504716192496956
1,0.574202292847055
0,0.437816699582792
0,0.432736942431967
0,0.489221895751252
0,0.448298633478554
1,0.56924268245015
0,0.460334767265108
0,0.476369221878393
0,0.491006656163832
0,0.451552421493627
0,0.404750282983173
0,0.471146460769846
0,0.467365155057343
0,0.441156630096546
0,0.461015462181909
0,0.469607351401722
0,0.458654454022986
0,0.432260577494853
0,0.467662256788136
0,0.43948062130777
1,0.538253880984123
0,0.467143341097698
0,0.453384158401521
0,0.458184714987601
0,0.442322340501093
0,0.463314848261548
0,0.425332650352338
0,0.446094956458398
0,0.444059764093044
1,0.50928596772761
0,0.480257200256344
1,0.505849747224283
0,0.436781576328467
1,0.556740812274887
0,0.486889455880758
0,0.449819371245553
0,0.494664592923706
0,0.495585121844795
0,0.427346254746042
0,0.469678322633264
1,0.513870787993973
1,0.505504532045125
0,0.468816543646331
0,0.489172621835165
0,0.430830575782049
1,0.548712877144715
1,0.54996120256489
0,0.484928100857403
0,0.479899000848899
1,0.772007339530856
1,0.52498475999402
0,0.495298157210665
0,0.448790871333239
0,0.444155146809651
0,0.432236389647841
0,0.446178125196461
1,0.513633063103831
1,0.520241007023661
0,0.425459238994182
0,0.42774179696818
1,0.503464290472808
0,0.442156454739656
0,0.494405033315568
0,0.453700357730618
1,0.524745262902185
0,0.479385652155249
0,0.45853100608922
0,0.439553119950257
0,0.44048946276616
1,0.517254172668331
1,0.551716218287922
0,0.461342374709407
0,0.484692045286194
0,0.469397899035936
0,0.476602738094875
0,0.462674255060745
0,0.488607812284792
1,0.52351348251753
1,0.519729163850991
1,0.524455215995321
1,0.5066240438353
0,0.486592266946626
0,0.495760623708972
1,0.518178633613398
1,0.50152587728897
0,0.428199892461935
0,0.425152408670776
0,0.490174222340266
0,0.448006246026414
0,0.431414673588723
1,0.553207672352315
0,0.450794233966349
1,0.531416004660919
0,0.435975909050586
1,0.551691512168701
0,0.496888527853057
0,0.472993421898037
0,0.459447181489079
0,0.423590219105094
1,0.518085033438125
0,0.456782515226539
0,0.434356003758202
0,0.466205065894257
0,0.459896838786252
1,0.528224758288335
0,0.456536984093739
0,0.478714466318709
0,0.478134972375749
1,0.505370745289697
1,0.56604131892893
0,0.451167277419996
0,0.425671623725693
1,0.509399033460354
1,0.517471309378808
0,0.487149818556602
0,0.446306274380858
0,0.498799423706707
1,0.530651233105523
1,0.508743097322877
1,0.523346268865256
1,0.536498256761074
0,0.484673933121225
0,0.492077181337752
1,0.535990771219027
1,0.519927374614
1,0.517069953658976
1,0.532587330055721
1,0.528309728412148
0,0.495562275675165
1,0.501623463127736
0,0.437653650826423
1,0.684362712512515
1,0.653107897104729
1,0.615591731834824
1,0.604079008018683
1,0.68952169909371
1,0.684728859313175
1,0.666557771891668
1,0.569538223461552
1,0.67834830508694
1,0.689598309511176
1,0.553882162947428
1,0.681455173328263
1,0.565268138967207
1,0.508500410707693
1,0.500779479534709
1,0.572561181085459
0,0.47817496965785
0,0.492595380722961
1,0.594295784576678
1,0.583497780049168
1,0.55057674322714
0,0.485731743990471
1,0.562336153152908
1,0.627610700237607
1,0.636360634777593
1,0.565378358615638
1,0.527204671778685
0,0.451349943187511
1,0.502725237468273
1,0.526488942373697
1,0.592802826651381
0,0.492571616528167
1,0.528776809256447
1,0.637340967343989
1,0.522231423133653
0,0.469378470269094
1,0.646225838495835
1,0.605942843712433
1,0.513528081216499
1,0.567478521589317
0,0.485597214683382
0,0.469370700475902
1,0.539473677536414
1,0.61691425246171
0,0.463969208919091
1,0.519683315261518
0,0.460884948898834
0,0.459391718049143
0,0.470404430711446
0,0.47232460686639
1,0.55856901222345
0,0.455334768428383
1,0.563189426300473
1,0.586061251204083
1,0.510431422358999
1,0.578789480592337
1,0.549815535217901
1,0.58139839702392
0,0.483479804225834
0,0.485194497594667
1,0.601646073421811
0,0.448640500812349
1,0.50447358169833
0,0.487458883253185
0,0.473874898325223
0,0.440032031021866
1,0.55825459546818
1,0.586021202101308
0,0.466199687133572
1,0.555804433124131
1,0.550457845560189
1,0.568301728633164
1,0.563760821237444
1,0.61710839339857
1,0.531402793312068
1,0.543277758568196
0,0.462203571738706
1,0.54882743685988
0,0.459332711646903
1,0.550613417583127
0,0.473708772849068
1,0.510158388789093
1,0.504093066719139
0,0.49999729911861
1,0.578007893902249
0,0.490008476851424
0,0.455752262314978
0,0.458167852162022
0,0.448348588818392
0,0.474027390922772
0,0.458941310988724
0,0.452463921561865
0,0.448776040098868
1,0.521581487684839
1,0.541239991826891
1,0.584159934260453
0,0.495735486616784
0,0.486184507562086
0,0.460359047213155
0,0.476310164141319
1,0.544022333407484
0,0.482156365280986
0,0.447531257701416
1,0.554497843033943
0,0.452643128441679
0,0.46646509729205
0,0.444308998090085
1,0.524092191132539
1,0.559584581566211
0,0.477966706207602
1,0.506989611364179
1,0.510032613679753
1,0.5347111280012
1,0.588347174590886
0,0.47088540638917
1,0.531158530165709
1,0.528506439428988
1,0.53882409701057
0,0.43375891347957
1,0.574930612496202
1,0.517216337908094
0,0.496909536360758
0,0.457528515528941
0,0.473190080395662
0,0.438344869667994
0,0.482353230423891
0,0.486134985376668
1,0.526199134496277
1,0.50856770298543
1,0.531677375907482
0,0.496742734353589
0,0.469989206558743
1,0.589574700687908
0,0.481470788204734
0,0.477212483925919
0,0.489191701610829
0,0.46836776171262
1,0.51313039625751
0,0.490011564664479
1,0.571866679224892
1,0.562716765637436
0,0.474002397912995
0,0.488448285667403
1,0.501114617662606
1,0.506784927914067
0,0.461067722579872
1,0.518299429267609
0,0.428228427936609
0,0.432677002232967
1,0.523237819055511
1,0.509158901580007
0,0.499986694256822
1,0.519090745874913
1,0.517270069329903
1,0.522891568204651
1,0.558849765966099
0,0.467405028645586
1,0.52135401838956
0,0.483937874645007
0,0.437862824606228
1,0.549619208728293
1,0.515018767947798
1,0.560251899640552
0,0.492000010131685
0,0.47302435890082
1,0.51308840521962
0,0.449718718616599
0,0.460232111448995
0,0.482610246380154
0,0.469449921362998
1,0.578917012753921
1,0.559747868658956
0,0.454333434366626
0,0.485803896123598
0,0.444308564987642
0,0.474486779764516
1,0.555520239320471
1,0.504956308497427
0,0.44452659502213
0,0.437702189998781
0,0.483057297366093
0,0.470556384304793
0,0.449033903554127
0,0.482757562078182
1,0.506706272307772
0,0.489534659280163
0,0.480197515324126
0,0.44596289495626
1,0.557285076937769
1,0.583123608035842
0,0.49198896529798
1,0.569414459082288
0,0.452361659441774
0,0.481564099099729
1,0.574020994610807
1,0.58164015073286
1,0.57855162717567
1,0.518657786224645
0,0.485897302875356
1,0.564615610655301
0,0.484049125711818
0,0.463098157297181
1,0.528989251375487
1,0.515759764136992
0,0.448610535739941
0,0.466670256571718
1,0.588600252092063
1,0.599109886669491
1,0.505041686351743
0,0.456707960804556
1,0.537508414754284
0,0.48293799773343
0,0.491323267222043
1,0.565641766582499
0,0.490225137571371
0,0.433821940849646
0,0.473565739216583
1,0.52055533900221
1,0.508347741443034
0,0.48105777171124
1,0.602099727034473
1,0.50772114107002
0,0.469485277416244
0,0.48402377346722
1,0.552680102045324
0,0.459754505215129
1,0.507522205575372
0,0.473386446630864
0,0.449341482243676
0,0.476545455309748
0,0.484530781063415
1,0.531451838163135
1,0.520991221000758
0,0.498138536094626
1,0.536817640471969
0,0.491446871951078
0,0.448421179577251
0,0.493799844135381
0,0.448848195154292
1,0.532667694891702
1,0.510548369265452
1,0.55868479626738
0,0.471392781609157
0,0.445819022632358
0,0.498689214142655
1,0.54063075810124
1,0.503417376983286
0,0.4996507871098
0,0.480876779915796
0,0.441069822244241
0,0.469246850407246
1,0.508052582227802
0,0.485367221546963
1,0.564002498216615
1,0.525252661471699
1,0.570822391646255
0,0.489121855036363
0,0.453858372413303
0,0.42878524271335
0,0.434044086999419
0,0.491212440257615
1,0.545736573408278
1,0.509659519225913
0,0.467308590216065
0,0.445823409673443
1,0.544344149460516
0,0.436893545542935
1,0.502951175897472
0,0.430601607416511
0,0.466010752177747
1,0.542815527893135
1,0.567757685125708
0,0.493195873781324
1,0.539314493122862
1,0.53952222741989
0,0.49995830901453
1,0.522587896183485
0,0.498377748061046
1,0.560076697369882
1,0.550133492815483
0,0.467921126337798
0,0.469498766969618
0,0.453109893792981
0,0.466292918972921
1,0.538500235367937
1,0.592728126701484
1,0.54734507814924
1,0.564741860231664
1,0.549154431822975
0,0.474991273016721
0,0.42766955598383
0,0.466954804898622
1,0.509923305586415
1,0.504321524375989
1,0.575437950672321
0,0.492474582194624
1,0.502019227029819
1,0.564665207451773
1,0.575547491160298
0,0.466003990309609
0,0.490462387153387
1,0.508364496968842
1,0.544856874548077
1,0.510983529457387
0,0.485782491085026
1,0.504009385719851
0,0.458304510802328
1,0.50776365738307
1,0.563743769912546
0,0.451143324186011
0,0.479400205395514
1,0.548836660490671
1,0.531234356437708
1,0.561909316827187
0,0.481010059761496
0,0.471863336531689
1,0.510738675924923
1,0.529833493485513
1,0.510555416715807
0,0.459889116207922
0,0.461589913157045
1,0.504952726102363
1,0.528590456983803
1,0.513038887746044
1,0.531902020186738
0,0.435453375872434
0,0.447317269863235
0,0.482996703303007
0,0.470027894806495
0,0.499223244661251
0,0.454377538819381
1,0.564085053656961
1,0.500704032589164
1,0.518277506329806
1,0.561167120191656
0,0.448104323968656
0,0.43485804462945
0,0.499792700125271
1,0.515754875445971
0,0.476524445057194
1,0.500153863492305
0,0.43409626704642
1,0.507226879766146
1,0.538700030080136
0,0.487572715479289
1,0.55328963156255
1,0.534713230893428
1,0.519075536033206
0,0.459586994423573
1,0.518963700964734
0,0.475143221157177
0,0.453642560533274
1,0.509304138349157
1,0.603155808047788
1,0.520241883654526
0,0.456096582465342
0,0.489427616804753
1,0.538000432448986
0,0.43036138657754
0,0.469614126524211
1,0.506515738888529
1,0.580700976978935
0,0.455494470944351
0,0.435514376391671
1,0.504416677685375
0,0.44901928050694
1,0.500330679563152
1,0.536926905813338
0,0.437739099645423
1,0.532576482722739
1,0.512094549534873
1,0.521845478950091
0,0.472610345951753
1,0.581421906810895
0,0.442129744802848
0,0.473582967892022
0,0.445527534700838
1,0.575917461883261
1,0.522978556809624
1,0.526150565547767
1,0.507925326849906
1,0.585278709036951
0,0.483343829100889
0,0.452631396234621
0,0.463810808444547
0,0.44965881613171
1,0.549891714918114
0,0.44685728886499
0,0.489296262735102
1,0.502068636041396
1,0.536448615463112
0,0.47174815070742
1,0.508055416985689
1,0.567812560835495
0,0.45441467426987
1,0.505273540626167
1,0.50690300558861
0,0.448935629308495
0,0.425620007973445
1,0.523544733767977
1,0.541438626524449
1,0.513338803770196
0,0.487586627586597
0,0.458443875070484
0,0.427923635248177
0,0.491740356425767
0,0.458889151953933
0,0.455221847856062
0,0.462083825092933
0,0.455611009576469
0,0.427780382534903
0,0.45873061138161
1,0.510432549492311
0,0.430021499571222
0,0.464906326851
1,0.524667395283434
1,0.569215653044336
1,0.519143061450671
1,0.529916619043113
0,0.431284100376067
0,0.44788078151989
0,0.457447373673056
0,0.465649139776545
1,0.582747422744042
0,0.465297040382192
0,0.463228935316324
0,0.423289446592224
0,0.49501757062021
0,0.477107789832493
0,0.450603877931829
0,0.439978785856357
1,0.504940561170978
1,0.570743935918264
1,0.507229468063015
0,0.478696717067671
0,0.493162257081225
0,0.470930593582495
1,0.533554213066399
0,0.422876995923891
1,0.570244250550734
0,0.468751428821768
0,0.459992280320006
1,0.561630247172643
0,0.47259906500212
1,0.569025345786461
1,0.510791821031279
1,0.58384385598109
0,0.443870319504644
0,0.439524180948694
0,0.476641497230701
1,0.567887517348495
1,0.507928374482454
0,0.497966481139081
1,0.515092673861096
0,0.458619405498203
0,0.472019628455132
0,0.495017524669545
1,0.542040871181257
0,0.452970172760509
1,0.507947454302877
1,0.54298668708164
1,0.544023720564748
1,0.521903912337083
1,0.508160116757802
0,0.487762943120405
1,0.569806910715467
1,0.529240611004967
0,0.462291986598757
0,0.448528147708983
1,0.542171847631072
0,0.485154232453555
0,0.4759589921512
0,0.472206553187116
0,0.47750297686218
0,0.452842482957836
1,0.505511145660554
1,0.530792673727803
1,0.538245334041744
1,0.536432559448808
1,0.512601555920317
0,0.48877759236784
1,0.570021665484465
1,0.546844192828034
0,0.438048507252553
0,0.495737545938962
0,0.456216349652335
0,0.482121368412669
1,0.534866852398158
0,0.463370154236528
1,0.536824751667783
1,0.516345475226198
0,0.474733634240765
1,0.574652960768475
0,0.498515422978516
1,0.553237944046705
1,0.503567394374554
0,0.441823709188207
0,0.487179308398333
1,0.590325736787953
0,0.451395658473532
0,0.486315536165103
0,0.484183063315085
1,0.517398197357794
0,0.498260545405874
0,0.456658580064949
1,0.557930208154382
1,0.576439990717323
1,0.512975414778992
1,0.517811620593669
1,0.579768063735037
0,0.463000874120594
0,0.462096241639618
1,0.53760998215922
0,0.444174418803416
0,0.477003338483427
1,0.570155626638884
0,0.488343642661052
0,0.491213999116929
0,0.47613303962054
1,0.561636662086289
1,0.518762650971337
0,0.44514606403376
0,0.474659825438365
1,0.543312367826796
1,0.571016309429904
0,0.487462560076588
1,0.534994443375599
0,0.475357986083067
1,0.516420793012441
0,0.431006345106521
1,0.518265474997663
1,0.508366510094255
0,0.489321602196304
1,0.599797435771763
0,0.474216370733087
1,0.53618877721129
1,0.576408658737346
1,0.511870061721675
1,0.555633130932243
0,0.460414875728115
1,0.53476849608574
1,0.519257880009156
0,0.460999821167494
0,0.469024857288723
0,0.491657698251025
0,0.445016267813334
0,0.490315842862914
1,0.554570110697901
1,0.512568933201624
1,0.503847215949717
1,0.500699665957572
0,0.484159387665673
0,0.449466353876403
0,0.465319226938131
0,0.465348407308823
0,0.428917180707883
0,0.482037608261672
1,0.551962124905218
1,0.530896597527869
0,0.478725612986991
0,0.477134956675531
0,0.475936554096579
1,0.502389384536315
0,0.473307954666605
1,0.518822655685952
1,0.58631569241014
1,0.50941019133781
1,0.528390830344035
1,0.535983835314117
1,0.501560243771791
0,0.458067768305377
0,0.49685092613456
0,0.474758495271732
0,0.4719056978562
1,0.519776963702301
1,0.521547021225732
1,0.505073449487766
1,0.524053634405838
0,0.480045778253874
0,0.448081249146353
0,0.454148628394381
0,0.438911493495006
1,0.521593804399095
0,0.449557523292382
0,0.485576878176174
1,0.59118302534115
1,0.502698065836099
0,0.423154222412182
1,0.533807689344443
1,0.595502988986464
0,0.496621272993627
1,0.528147789777262
0,0.450898332691956
0,0.44868216774295
0,0.464101468509275
1,0.525366361199159
1,0.53175248407191
0,0.479471169541468
1,0.51280582857547
0,0.484233669179288
0,0.482311181195498
1,0.577131845572559
1,0.555436125512471
0,0.494586702849905
0,0.496130294150383
0,0.475741893460168
1,0.518354685293017
0,0.443924352002109
0,0.47586139461822
1,0.57189482834025
0,0.434028033653521
0,0.431298710448232
1,0.53285196665698
0,0.427402231170886
1,0.53562238426819
1,0.619769102076792
0,0.498587512295754
1,0.510007470306911
1,0.546800061134179
1,0.513790960110009
1,0.575133709296594
0,0.491126696614073
0,0.499409485471837
1,0.532905733568252
0,0.499497788674943
0,0.472261569202913
0,0.499834752035936
0,0.491150335053077
0,0.484373348107281
1,0.503825430099893
0,0.434412292626328
1,0.508775379509799
0,0.439945097307929
1,0.517564503753944
0,0.48957349267878
0,0.436050364236253
0,0.463337393107607
1,0.532525958192176
0,0.423948859510277
1,0.509551664427182
1,0.50380226303264
0,0.486515193917839
1,0.505021500712953
1,0.516742319607315
0,0.43496674615421
1,0.513284921812353
0,0.4404416618161
1,0.546471111813445
1,0.513817264672514
1,0.500103210959106
0,0.444141919760164
0,0.444407112159633
0,0.489061239407156
0,0.440291028375714
0,0.486619177117374
1,0.505097255208558
0,0.466693124059254
0,0.442982281053863
1,0.505550616475418
0,0.49520285543251
0,0.455623500886875
0,0.475408552746315
1,0.515310434728908
0,0.438475541353791
0,0.444330579065156
0,0.443641725738956
1,0.539458974421782
0,0.436093065051783
0,0.455834696371414
0,0.466437630776737
0,0.433690598879107
0,0.477161005884425
0,0.436476127673707
1,0.523529005610671
0,0.460734173590519
0,0.485298776751023
0,0.471987000840163
0,0.496985275523835
1,0.514653857023506
0,0.473644144488413
0,0.497151183129897
0,0.493684699385429
0,0.468011741351832
0,0.45560451975736
0,0.451264018038903
0,0.483784460045417
0,0.471817895285328
0,0.457571359070422
0,0.484522365155034
0,0.435611066252793
1,0.514983442194289
0,0.494854547599567
0,0.466617688592112
1,0.514418093249933
1,0.5261864188507
0,0.493174183593176
1,0.503011981176556
0,0.481267351672641
0,0.449390794179549
0,0.491569883893488
0,0.460456485967937
1,0.537905485159166
0,0.494275266708831
1,0.541834404609638
0,0.441066179035975
0,0.436369293681488
0,0.4851782011186
1,0.583517114092318
1,0.515217940167194
0,0.472226234311263
0,0.464906663858755
0,0.476852881393124
0,0.433566972054094
0,0.466732822144374
0,0.464841954126831
0,0.476632260495125
0,0.448841335010064
0,0.482831551306486
0,0.439943720322019
0,0.440031291155212
0,0.468258038004643
0,0.449958964512907
1,0.529056639045699
1,0.554346823194893
0,0.453482091058809
0,0.457039576142982
0,0.45755382481332
0,0.438319669378555
1,0.504485324042871
0,0.443213758087925
1,0.540657183528823
0,0.453292589666793
0,0.497686781995115
0,0.453665592578034
0,0.44362425403773
0,0.495844080778908
0,0.44860833954254
1,0.534578634403858
0,0.483074569223993
1,0.518695558332512
0,0.436492650931515
0,0.433508471760453
0,0.469587561341737
0,0.451849196382409
0,0.490393154315156
0,0.435822155546001
0,0.443658712497861
1,0.535268456246109
0,0.480042935594797
0,0.454297377217444
0,0.440992180431321
0,0.491900785409857
0,0.481928704808685
0,0.465637360259098
0,0.447738152407738
0,0.460943454666154
1,0.535998196358248
0,0.489615376693201
0,0.441622935593206
0,0.445628152031511
1,0.503938181894878
0,0.47523475743856
0,0.492712698545597
0,0.469312934652872
0,0.451869938875279
0,0.449697239382316
0,0.478155204946939
1,0.504634142018821
0,0.445402242830993
0,0.454566717790241
0,0.455341542253058
1,0.518167684803876
0,0.487251713472531
0,0.49624078021765
0,0.447827478487218
0,0.478302337146107
0,0.465610012869449
0,0.441398490271175
0,0.447247764062603
0,0.451652489536683
1,0.533639135082781
1,0.538475746277906
0,0.45270815408231
1,0.508336406265861
0,0.427252736531288
0,0.485893920021685
1,0.549189382766902
1,0.547712069690042
0,0.434879643091292
0,0.438037179785731
1,0.570433250638746
1,0.504499271311752
0,0.483888023199029
0,0.448519588398977
1,0.538402503921264
0,0.474732821429549
0,0.44224326083805
0,0.441276652695316
1,0.513889598540967
0,0.465464199863985
1,0.555427713035677
0,0.47720497286314
0,0.460349239475865
1,0.515771877886089
0,0.456308663094716
0,0.475966534817732
0,0.436472997668508
0,0.460848734804247
0,0.466568848540717
0,0.451853223364706
0,0.456155616416098
0,0.480014182037788
0,0.442403252586425
0,0.446748034708026
0,0.479844907477676
0,0.471154524525628
0,0.458793395545797
0,0.435197632418825
0,0.440136026483872
0,0.470553507413432
0,0.459375180268542
0,0.471798868496164
0,0.496661717275397
0,0.429354458712074
0,0.461962079356624
1,0.536025053441385
0,0.485043269118719
0,0.471639254058569
1,0.513416960052534
1,0.522847989832418
0,0.470786619003924
0,0.44162252899301
0,0.472891162860476
1,0.50675902815339
1,0.54288012860824
0,0.452711530369523
0,0.465348794860057
0,0.435708382363261
0,0.490358618062381
0,0.4680177120721
0,0.463578241365478
0,0.45695496542147
0,0.439225343172842
1,0.520340833777977
0,0.460918418106144
0,0.44743707387871
0,0.466090323650643
1,0.53651945519225
0,0.434503538228986
1,0.532652230068865
1,0.550746442050282
0,0.48024280290672
1,0.520073070701169
0,0.442132824218997
0,0.477790325773986
0,0.466453538022094
0,0.449642336911978
0,0.444942254778831
1,0.51581042569537
1,0.520021184402537
0,0.481198562596823
0,0.477171583190064
0,0.436762112882784
0,0.460875313214251
0,0.462135546834905
0,0.439866248875377
0,0.458679661763812
0,0.444525505300628
0,0.436640393572533
0,0.457440758059222
1,0.517723534680446
0,0.438431766745096
0,0.474027030083835
0,0.452581852083041
0,0.495359446026802
0,0.469612230301257
0,0.473802338846878
0,0.487570764402815
0,0.450848487026377
1,0.535206363017642
1,0.552216298670189
0,0.455438184710763
0,0.448951782487379
1,0.504313044918012
1,0.625764170823263
0,0.471409607001589
1,0.52552181511875
0,0.42891553879158
1,0.540647386633756
1,0.531796967516076
0,0.451443275968362
0,0.495381154686112
1,0.599093463535723
1,0.508453376997974
1,0.580137556904534
0,0.454110371871844
1,0.544622727898086
0,0.442625199103118
0,0.466787857619714
1,0.608643455250585
0,0.487607636940038
0,0.465848832765604
1,0.566027784968713
1,0.516092439813153
1,0.54574189748147
0,0.448479235244225
0,0.436331280919446
1,0.542640363251753
0,0.440890463121124
0,0.437187897049308
0,0.483454688183112
1,0.596285519711467
0,0.43670442946201
1,0.529871690737869
1,0.587304313311169
0,0.473398535962967
0,0.463142311596778
0,0.43022296240995
0,0.472234154872658
0,0.454939462242584
1,0.554046429938557
1,0.597813507110565
1,0.50209935234394
0,0.435971138777586
0,0.436327800761401
1,0.508342127091936
0,0.486793705694056
1,0.512431562083773
1,0.548819188084656
0,0.434955685159274
0,0.461635341390855
1,0.524010957793062
1,0.582286436339747
0,0.49489191293533
0,0.493501001401205
1,0.529041333613809
1,0.605186122908937
0,0.497973596893443
0,0.449056534081316
0,0.469039352748859
0,0.449709433737399
0,0.434514105268343
0,0.472065042684627
1,0.566224544925352
1,0.511398160976338
1,0.531066437180378
0,0.444355150407709
0,0.437223763542828
1,0.560265169637327
0,0.457092252865134
1,0.528361752570918
0,0.448095012900073
0,0.4854228468347
0,0.440290241525451
1,0.589872338854316
0,0.43763391868041
1,0.557788108987748
1,0.598795532382521
1,0.615484319127942
1,0.572406063726198
1,0.514114145928375
0,0.436051406844258
1,0.565246048372771
1,0.537362496208635
1,0.600765614327147
1,0.501507315641787
0,0.435352318453706
0,0.476957847189865
0,0.479329894831838
0,0.431378030297055
1,0.538188008792896
1,0.606269169250134
1,0.608969363623984
1,0.588383632241584
1,0.505415248679955
1,0.511554712387214
0,0.472804379179092
0,0.461854558215351
1,0.502777230569646
1,0.603138966920524
1,0.563406247080417
0,0.496519116687975
0,0.431324541005525
0,0.440192206564419
0,0.42842049900705
0,0.479891520521596
0,0.432816222824269
0,0.456517964607074
1,0.53493408199653
0,0.474108844150519
1,0.539093247863171
0,0.466847788114296
0,0.43659130361147
0,0.488293718760107
0,0.451611406659529
0,0.477771879908387
1,0.588339188858572
0,0.461237769679372
1,0.533297776963585
0,0.465313278388888
0,0.449144960905178
0,0.498630041377708
0,0.423717731297194
0,0.441475544765848
0,0.464776444505903
0,0.446430677457568
1,0.507701987027435
0,0.442685921210938
0,0.452833698796241
0,0.463025126545878
1,0.584385003915189
1,0.581733605157011
1,0.533110678374932
1,0.540066729137877
0,0.499768464184622
0,0.435162881908705
1,0.542217922922359
1,0.506117834517595
1,0.551170521205567
0,0.420389038438121
0,0.494211617961696
0,0.462095920345462
1,0.56932671060664
1,0.562342442170201
0,0.430635995869484
1,0.566389135471589
0,0.423558605343156
0,0.457708074212871
1,0.500181128620218
0,0.423754827653224
0,0.461855277930784
0,0.434750394008809
1,0.604988625443945
0,0.485119309715991
0,0.461424514641652
1,0.503495461159308
0,0.441717124550396
0,0.437240766843616
1,0.586254757121176
1,0.608570803076482
0,0.468052302728374
1,0.501862830991335
1,0.509420362581469
1,0.603256455824127
0,0.460806732118709
0,0.475555333167466
1,0.502997909540062
0,0.429743764154743
0,0.434237560209997
0,0.441167779586953
0,0.477253009414969
0,0.451783498291502
0,0.451416397531766
1,0.567084761606008
0,0.436728033390442
1,0.522893098246422
1,0.508253889106354
0,0.434750951928991
0,0.480003778309858
0,0.464750507496128
0,0.426061025075384
0,0.461936893473661
1,0.5381582730758
0,0.482715589793064
0,0.44117525697333
1,0.509946089161942
0,0.483515832503859
0,0.451777296846064
0,0.42476049385219
0,0.489879585319846
1,0.54217295068238
0,0.456697938061771
0,0.428243322022543
1,0.527672752017786
0,0.49564364925092
1,0.55115594540932
0,0.455190272120222
1,0.555721022990708
1,0.542667865194524
0,0.447921200655231
1,0.550795559213116
0,0.454695149240447
1,0.547250492007426
1,0.501012852609805
0,0.480708925901421
0,0.435112381769553
1,0.531068068246948
1,0.528982282216125
0,0.433577116170101
0,0.498292529351134
1,0.507273658712438
0,0.462893121097231
0,0.435805886041368
0,0.493114946372808
1,0.501048019289156
0,0.446355189368447
0,0.423785156970108
0,0.444648419965176
0,0.493930284165291
0,0.463526261546736
0,0.46832431094875
0,0.449132155245964
0,0.427194272852147
0,0.433113277576124
1,0.60781500246359
0,0.482186004764178
0,0.46415544131847
0,0.442630070036604
0,0.490089525403912
1,0.516660870832936
1,0.517106503013147
1,0.512735165527772
0,0.449892118786572
1,0.616656029317181
0,0.426245339637377
1,0.505529552387524
0,0.450274566582808
0,0.433938114917226
0,0.493217700741645
0,0.445006375924786
0,0.424584511919228
0,0.488035420358278
1,0.595312974855349
0,0.420842292157867
0,0.43236977037239
0,0.476068909543106
0,0.480834224036641
0,0.48681242531617
0,0.462038752335077
0,0.478918720576183
0,0.491541314074098
0,0.456415731288727
1,0.582895170324432
1,0.510425211716691
0,0.453960039338524
0,0.488478034791536
0,0.483783879730402
1,0.566443763610175
0,0.445948740873357
1,0.576156745329212
0,0.428170986463668
0,0.461458094202848
0,0.448842331573916
0,0.439752614180225
1,0.539120584987577
0,0.477771470191722
0,0.433514399721539
0,0.469736724120785
1,0.58298978646843
0,0.448207553415945
0,0.430778922966094
0,0.467404253696926
0,0.481692406130979
0,0.447563272905054
0,0.499461598252212
0,0.447589837877722
1,0.541213099468366
0,0.428399856957989
0,0.459716188893249
0,0.453650730494468
0,0.45388513805535
1,0.510449787050253
0,0.47138879892501
1,0.57710367212728
0,0.490638432043189
1,0.531612882704298
0,0.426638146172737
0,0.499625568521673
1,0.525345875231856
1,0.613249797761887
1,0.570171155218452
0,0.425687592521205
1,0.57288982638985
1,0.612368195011629
1,0.54831042392824
1,0.606123218512704
1,0.51023008636118
0,0.452392646712431
1,0.517686406651326
0,0.463225036075832
0,0.441909933338932
1,0.545004584346851
0,0.443304883352704
0,0.472219602408468
1,0.504365764783515
0,0.488716057027436
0,0.483104655107585
1,0.590922548095227
1,0.575211599528528
1,0.599452482032759
0,0.424468165179478
0,0.4307199099156
0,0.486449006873134
1,0.554143300865428
0,0.479245630974084
0,0.428750991071021
1,0.54986618257002
1,0.586156100471595
0,0.425864327397157
0,0.476520692655649
0,0.427940547084011
1,0.564970339222201
1,0.515848420165388
0,0.488964136181557
0,0.461153035834835
0,0.49412823302349
1,0.545331729460314
0,0.429585185448403
0,0.460389408556064
1,0.509203634203859
0,0.432142632742331
0,0.430814486997851
0,0.440336304408836
1,0.512974943820611
1,0.557534497193488
0,0.467633352425448
0,0.47549143373743
1,0.501875357872859
1,0.501046207155999
1,0.531426936269094
1,0.532706574487619
1,0.517998447004208
1,0.596313593517258
1,0.602725392984919
0,0.491516884125875
0,0.479628873060689
0,0.490703968644813
0,0.433916608809763
1,0.549899629417036
0,0.470060431830363
0,0.459230175656156
1,0.507245300376957
1,0.513534941102378
0,0.439318952795175
0,0.42473857203229
1,0.506236154399238
0,0.438782555490399
0,0.459370812129964
0,0.448833581233383
0,0.474926637660164
0,0.495839797962079
1,0.557785140934169
1,0.504862110832425
0,0.464862796444571
0,0.479015355476366
1,0.518714117434894
1,0.542611562429085
0,0.47072930211207
0,0.431741292488837
1,0.602767769773042
0,0.461818957528016
0,0.445953062165006
1,0.545681245149407
1,0.50119634717315
1,0.518083119889043
1,0.566290425847821
1,0.539448237462145
1,0.5492522080764
1,0.519009554881517
0,0.426276567319358
0,0.438441835522579
0,0.490913000385773
1,0.569921779416227
0,0.445507836602768
1,0.520517767985498
0,0.496096231488098
0,0.426581204382425
1,0.505812470040146
0,0.479038353038571
1,0.603320216646558
1,0.560786255238003
0,0.430816273121353
0,0.481027382972598
1,0.507702275024378
1,0.55426263028728
1,0.614665760837433
1,0.561008401421963
0,0.472872707829142
0,0.498725876950694
0,0.431443439330464
0,0.429924898233384
0,0.452048430344864
0,0.467991993188205
1,0.531729565144446
1,0.533758543665521
1,0.542267550761426
0,0.470869489400483
0,0.435646676971958
0,0.424647726513226
0,0.473288480936674
0,0.475822149819483
0,0.44426791986974
1,0.559101157967438
0,0.459150865575816
0,0.422017010675974
0,0.461977335290673
1,0.588978320242535
0,0.430202030803295
0,0.477550410231671
0,0.491171581959681
1,0.547855874409824
0,0.485991622370924
1,0.512522974631704
1,0.567798437683052
0,0.468513739042112
1,0.568347171628154
0,0.456132671579637
1,0.54195798688967
1,0.581308902680225
0,0.431665881077517
0,0.45564024310992
0,0.422026320787305
0,0.452843546603279
1,0.515806442516426
0,0.455548527812201
0,0.4892032776776
1,0.58619779182891
0,0.485277541172166
0,0.431980892625313
0,0.49551083264233
0,0.469697115590625
0,0.423424204347929
0,0.425970901155618
1,0.593628882540108
0,0.428759908156393
0,0.457155193839693
0,0.452377508814982
0,0.452830190884819
0,0.470905414341555
0,0.452879082053371
0,0.476985168090837
0,0.477716223168578
0,0.480740047777938
0,0.462901139838749
0,0.436149043313627
0,0.460546842058052
0,0.458524637725387
0,0.455712793176547
0,0.446500217227448
0,0.481312334285808
0,0.488617638848617
0,0.442513508674425
0,0.445087441932143
0,0.481514093791471
0,0.455050678880927
0,0.448367646874497
0,0.487371276826219
0,0.454134374770444
0,0.427286945119351
0,0.455405181465072
0,0.453699297579192
0,0.454843181589258
0,0.471340490057186
0,0.479061125695608
0,0.462192761570164
0,0.479460422329488
0,0.471975841789489
1,0.559528350359485
0,0.463121512082998
0,0.487636867987844
0,0.431742389360093
0,0.45533324962861
0,0.465119249648484
0,0.447143722872579
0,0.43767449252891
0,0.474114412048979
0,0.464815260373866
0,0.424738800063951
0,0.458724680438023
0,0.462019812826825
0,0.447777760811088
0,0.43390038648496
0,0.462171237548441
1,0.537329608001201
0,0.47052121886986
1,0.508221924133175
0,0.441977198910237
0,0.470223743591256
0,0.47486012669428
0,0.443542640365289
0,0.476625912392461
0,0.449683526697799
0,0.465245929913881
0,0.427297842946126
1,0.513608739485161
1,0.509679529002488
0,0.470038565392636
0,0.49625713535165
0,0.445344721740317
0,0.454910289604018
0,0.496842550843623
0,0.480515508013708
0,0.495543624862826
0,0.466743649007999
0,0.496924939120466
1,0.546151973794439
0,0.494883684464058
0,0.480178537778978
1,0.546670242808121
0,0.43134186861465
0,0.490484315924466
1,0.50928596772761
1,0.505075363675415
0,0.495349434340916
0,0.489558710574963
0,0.498531227769548
0,0.488268482196988
0,0.472908611104783
0,0.464593045570144
0,0.448077192485912
0,0.443636476861857
1,0.521363131997673
0,0.433254153308097
0,0.466126087612672
0,0.425043323787499
0,0.46471664504712
0,0.46006532713708
1,0.522805518706777
0,0.455995937214799
0,0.449530554717967
0,0.44440167703984
0,0.438440773565989
0,0.443544957632807
0,0.440562759605994
0,0.458564414002042
0,0.399717059473639
1,0.531055665009565
0,0.469836450881146
0,0.488292022889763
0,0.442157878223216
1,0.512359275705287
0,0.44485444758551
0,0.474759707794811
0,0.463927446497655
0,0.43768090166333
0,0.463864637798841
0,0.495660383678239
0,0.479934070585991
0,0.487727105327192
1,0.515378770798662
0,0.482091690658436
0,0.49364213786732
0,0.455591596143156
0,0.424483880822326
0,0.482714660001473
0,0.470277063046096
0,0.426681540973516
0,0.466501499409135
1,0.534173411384532
0,0.468871483165123
1,0.5088629526169
0,0.469788960073301
0,0.430835153877544
1,0.559313158431815
1,0.543979764857894
0,0.495229924123571
0,0.457270023811612
0,0.465378531604904
1,0.5315315974586
0,0.455019145933169
1,0.527713460248071
0,0.43253357235693
0,0.430673017003501
0,0.434900934210503
0,0.492033671577079
0,0.498508908522516
1,0.529559814997581
1,0.515401495965519
0,0.486853163888688
1,0.51878156999459
