"","HAS_FIRE","elev_cave","slope_cave","NDVI_cave","hidro_dist","road_dista","censo_cave","Classe_cav"
"1",2,757.7210083,1.67632997,0.607968986,2980.110107,3173.540039,0,4
"2",2,763.072998,2.454920053,0.607366979,3725.800049,3770.679932,0,4
"3",2,816.0739746,1.18283999,0.586372972,2795.790039,3229.399902,0,4
"4",2,735.9730225,1.154420018,0.581254005,407.8559875,954.572998,0.292205989,3
"5",2,758.6030273,0.980328977,0.663572013,1613.47998,1264.430054,0.292205989,4
"6",2,733.3319702,0.443919003,0.370415986,271.9039917,530.9099731,0.292205989,3
"7",2,768.4210205,1.559769988,0.66655302,1002.72998,30.39979935,0,2
"8",2,731.6760254,0.404334009,0.654304028,151.9989929,1556.339966,0.0123089,4
"9",2,809.6690063,0.993497014,0.597670019,4256.950195,4992.330078,0,4
"10",2,781.8209839,0.274643004,0.653898001,1635.949951,1998.540039,0,4
"11",2,741.9130249,0.92977798,0.628341973,625.9699707,530.9099731,0,4
"12",2,774.8330078,2.834219933,0.617501974,2288.679932,759.9949951,0,4
"13",2,732.6090088,4.689630032,0.66347301,85.9835968,1276.069946,0,4
"14",2,786.1430054,1.69520998,0.635586977,1866.310059,847.9310303,0,4
"15",2,753.3790283,0.903559029,0.675396979,1332.400024,364.7969971,0.292205989,4
"16",2,808.947998,0.575483024,0.631226003,3723.820068,4364.990234,0,4
"17",2,803.2109985,1.103399992,0.622437,3074.139893,3096.75,0,4
"18",2,735.6519775,2.034780025,0.567149997,135.9519958,259.7359924,0,4
"19",2,793.1890259,1.272809982,0.651315987,2674.149902,2179.47998,0.292205989,4
"20",2,811.3640137,0.957391024,0.578059018,2367.47998,2963.780029,0,4
"21",2,761.9069824,2.556529999,0.627906978,203.9279938,384.5299988,0,4
"22",2,747.9849854,1.776119947,0.589075983,825.8449707,823.0430298,0.292205989,4
"23",2,742.2280273,0.541836023,0.682874024,323.1539917,1586.040039,0,4
"24",2,781.6420288,1.787770033,0.545082986,1971.300049,310.0180054,0,4
"25",2,788.4400024,1.867799997,0.576869011,1551.579956,1734.920044,1.961470008,4
"26",2,782.6049805,2.017369986,0.558188021,1648.609985,2308.97998,0,4
"27",2,775.1729736,2.084209919,0.559638977,1114.890015,2288.679932,1.961470008,4
"28",2,799.3410034,1.222630024,0.637063026,1592.72998,742.1539917,0.292205989,2
"29",2,730.6970215,2.246680021,0.672663987,184.9149933,3347.429932,0,4
"30",2,779.1519775,2.159199953,0.602998972,1666.449951,730.8610229,0,4
"31",2,718.7589722,1.038120031,0.744000018,30.39979935,2325.139893,0,5
"32",2,732.2639771,0.919496,0.613421977,887.8610229,1253.420044,0,4
"33",2,718.5700073,0.51828903,0.487681001,125.3420029,472.9100037,0,5
"34",2,719.1420288,1.667430043,0.608259022,151.9989929,2905.209961,0,4
"35",2,740.3569946,1.481770039,0.623445988,395.196991,2021.300049,0,4
"36",2,730.7420044,1.195490003,0.544627011,60.79959869,1180.51001,0,4
"37",2,724.065979,2.873529911,0.586036026,121.598999,286.7909851,0.0123089,5
"38",2,743.723999,0.752548993,0.547996998,328.8240051,4778.859863,0.0123089,4
"39",2,755.4000244,1.683650017,0.627424002,666.7189941,3821.800049,0.0123089,4
"40",2,723.4790039,1.24890995,0.209831998,121.598999,2787.02002,0.0123089,4
"41",2,717,2.056190014,0.837337017,42.9917984,2623.909912,0,5
"42",2,737.5930176,1.801450014,0.682753026,1870.27002,1253.420044,0,4
"43",2,717.3499756,1.197790027,0.779220998,109.6080017,2773.050049,0,5
"44",2,741.2949829,1.041839957,0.584006011,1324.400024,1282.930054,0,4
"45",2,719.1469727,1.168630004,0.829089999,42.9917984,2308.179932,0,5
"46",2,715.9810181,1.119019985,0.660265982,60.79959869,2418.459961,0,5
"47",2,719.8909912,0.083308302,0.496881008,257.9509888,2359.659912,0,3
"48",2,715.3889771,2.273740053,0.486312002,163.7079926,2167.780029,0,5
"49",2,722.8369751,0.931496978,0.569064021,366.0620117,2094.060059,0,3
"50",2,779.7410278,1.876999974,0.513466001,1659.51001,936.4910278,1.961470008,4
"51",2,718.5310059,1.692649961,0.857365012,109.6080017,2374.300049,0,5
"52",2,767.6060181,1.668560028,0.533055007,1055.27002,1210.280029,1.961470008,4
"53",2,717.2609863,3.057650089,0.849456012,121.598999,2784.360107,0,5
"54",2,719.5159912,2.628690004,0.712408006,245.0910034,2480.149902,0,5
"55",2,716.6140137,0.864349008,0.706646025,0,2580.939941,0,5
"56",2,715.6420288,0.732096016,0.72687,91.19940186,2248.969971,0,5
"57",2,712.0269775,1.418089986,0.495494992,60.79959869,2289.48999,0,5
"58",2,715.2189941,0.736792028,0.602231979,60.79959869,2396.959961,0,5
"59",2,719.8590088,3.190910101,0.559889019,121.598999,2182.870117,0,4
"60",2,714.2949829,0.915244997,0.643862009,60.79959869,2381.48999,0,5
"61",2,715.1279907,1.118819952,0.615899026,96.13259888,2439,0,5
"62",2,715.059021,1.033910036,0.583333015,30.39979935,2629.360107,0,5
"63",2,714.6890259,0.98110801,0.783689976,60.79959869,2410.98999,0,5
"64",2,714.0579834,1.240839958,0.370061994,177.2599945,2468.939941,0,5
"65",2,747.960022,0.154269993,0.535921991,85.9835968,4562.5,0.0123089,4
"66",2,714.0020142,2.054150105,0.756065011,67.97599792,2569.639893,0,5
"67",2,714.7440186,2.602710009,0.720107019,42.9917984,2599.48999,0,5
"68",2,713.1589966,0.712014973,0.684104979,30.39979935,2618.090088,0,5
"69",2,716.0050049,1.599670053,0.56526798,214.9589996,2455.620117,0,5
"70",2,715.7880249,1.387439966,0.484337002,231.5180054,2831.590088,0,5
"71",2,720.1810303,2.666260004,0.506914973,212.798996,3060.129883,0,5
"72",2,702.8720093,0.376194,0.369572997,30.39979935,243.197998,1.961470008,5
"73",2,730.3120117,1.315029979,0.339089006,558.065979,3517.060059,0,2
"74",2,722.7550049,1.075430036,0.530818999,1255.630005,334.3980103,1.961470008,4
"75",2,699.2529907,1.711240053,0.311598986,125.3420029,67.97599792,1.961470008,5
"76",2,716.1329956,3.05644989,0.409478009,286.7909851,125.3420029,1.961470008,4
"77",2,767.5319824,2.420589924,0.450486988,2512.169922,923.072998,1.961470008,4
"78",2,718.309021,1.523769975,0.507750988,317.3829956,605.7119751,1.961470008,4
"79",2,736.6380005,2.077869892,0.559222996,429.9179993,1354.410034,1.961470008,4
"80",2,813.2930298,2.179749966,0.707316995,973.2680054,6547.819824,0.292205989,4
"81",2,739.7080078,2.732089996,0.434821993,875.2819824,685.8510132,1.961470008,4
"82",2,742.5949707,0.884801984,0.583149016,1846.650024,1419.380005,1.195619941,4
"83",2,742.9180298,2.008559942,0.517735004,969.9390259,2108.350098,1.195619941,4
"84",2,727.9940186,1.221320033,0.523000002,364.7969971,2197.209961,0,4
"85",2,721.6160278,0.903117001,0.572076023,634.7659912,3332.899902,0,4
"86",2,719.3430176,2.182179928,0.683575988,386.9259949,2474.360107,0,4
"87",2,749.2160034,2.928129911,0.489672989,2967.679932,1223.949951,1.961470008,4
"88",2,714.7249756,1.935789943,0.586848021,171.9669952,3930.52002,0,4
"89",2,735.0079956,0.689218998,0.505186975,669.4860229,3848.790039,0,2
"90",2,727.9940186,1.221320033,0.523000002,364.7969971,2197.209961,0,4
"91",2,714.5040283,1.311059952,0.62558502,192.2649994,2819.97998,0,5
"92",2,713.6729736,1.30855,0.447935998,257.9509888,2909.5,0,5
"93",2,748.25,2.243629932,0.62094897,1070.920044,3627.909912,0.0123089,4
"94",2,727.9940186,1.221320033,0.523000002,364.7969971,2197.209961,0,4
"95",2,711.2860107,0.776224971,0.517931998,30.39979935,2766.550049,0,5
"96",2,715.1630249,1.713860035,0.486806989,0,3878.330078,0,5
"97",2,723.3400269,0.846454978,0.486770004,494.8729858,2905.209961,0,4
"98",2,711.6569824,0.481651992,0.499808013,30.39979935,3288.379883,0,5
"99",2,752.8790283,1.25928998,0.644096971,339.8800049,2175.659912,0.0123089,4
"100",2,713.5499878,0.950513005,0.577745974,177.2599945,3192.560059,0,4
"101",2,766.3670044,2.358760118,0.530341983,978.9489746,5161.25,0,2
"102",2,715.2260132,2.529109955,0.495622993,203.9279938,3732.620117,0,5
"103",2,713.3640137,0.762596011,0.389135987,85.9835968,2743.570068,0,5
"104",2,711.5739746,1.488280058,0.629431009,367.321991,3518.23999,0,5
"105",2,717.2210083,2.745589972,0.627480984,425.5969849,3363.27002,0,5
"106",2,713.5,1.816400051,0.834995985,30.39979935,3857.899902,0,5
"107",2,731.71698,1.250640035,0.557020009,1174.630005,2624.969971,0,4
"108",2,716.1599731,2.996140003,0.607895017,288.3980103,2514.379883,0,5
"109",2,698.4920044,0.818597972,0.352144003,91.19940186,121.598999,1.961470008,5
"110",2,716.6060181,3.662450075,0.616117001,231.5180054,1806.170044,1.195619941,4
"111",2,700.8140259,2.243000031,0.320773005,231.5180054,571.1599731,1.961470008,5
"112",2,698.697998,0.840043008,0.31179899,151.9989929,455.9970093,1.961470008,5
"113",2,708.835022,2.666790009,0.459475011,250.6829987,30.39979935,1.961470008,4
"114",2,735.4160156,0.61917001,0.595130026,2243.209961,323.1539917,1.961470008,4
"115",2,702.6680298,1.657220006,0.354537994,151.9989929,60.79959869,1.961470008,4
"116",2,702.8610229,1.947170019,0.373555988,259.7359924,177.2599945,1.961470008,5
"117",2,700.1920166,1.809859991,0.346991986,303.9979858,501.3659973,5.438560009,5
"118",2,736.8270264,3.25928998,0.500488997,0,1945.589966,1.961470008,4
"119",2,706.1760254,2.272360086,0.482360005,396.3649902,303.9979858,1.961470008,4
"120",2,702.4060059,1.956349969,0.333025992,182.3990021,30.39979935,1.961470008,4
"121",2,699.1640015,0.145393997,0.381471008,312.9849854,475.8320007,5.438560009,5
"122",2,699.4730225,1.455139995,0.362295985,151.9989929,516.7960205,1.961470008,5
"123",2,735.4660034,0.41088599,0.455965996,1885.030029,30.39979935,1.961470008,4
"124",2,700.2150269,0.928683996,0.331613988,30.39979935,280.2720032,1.961470008,5
"125",2,699.9160156,1.231979966,0.388491005,30.39979935,243.197998,1.961470008,5
"126",2,709.572998,1.852159977,0.465353012,475.8320007,237.4299927,1.961470008,4
"127",2,704.7329712,1.196939945,0.469547004,151.9989929,42.9917984,1.961470008,4
"128",2,703.1500244,1.671319962,0.494677991,259.7359924,163.7079926,1.961470008,4
"129",2,698.7189941,0.919250011,0.396806002,243.197998,435.2590027,1.961470008,5
"130",2,701.9869995,1.660300016,0.400083005,151.9989929,413.4819946,5.438560009,5
"131",2,697.302002,0.760146022,0.309192002,30.39979935,60.79959869,1.961470008,5
"132",2,699.434021,0.763969004,0.387313008,367.321991,530.9099731,5.438560009,5
"133",2,706.4099731,2.576050043,0.367341012,231.5180054,85.9835968,1.961470008,4
"134",2,711.5949707,0.955960989,0.485610008,644.8770142,30.39979935,1.961470008,4
"135",2,704.617981,2.053910017,0.411027998,310.0180054,91.19940186,1.961470008,4
"136",2,700.1939697,0.813988984,0.346774012,212.798996,451.9249878,5.438560009,5
"137",2,702.9450073,1.202630043,0.406129986,432.0620117,369.82901,5.438560009,2
"138",2,698.8469849,0.294589013,0.355423987,399.8469849,530.9099731,5.438560009,5
"139",2,703,3.83555007,0.509698987,91.19940186,67.97599792,1.961470008,5
"140",2,701.5980225,2.26699996,0.358839989,192.2649994,369.82901,1.961470008,5
"141",2,700.1550293,2.015439987,0.399800986,128.9750061,121.598999,1.961470008,5
"142",2,702.1829834,0.979677975,0.421124995,30.39979935,334.3980103,1.961470008,5
"143",2,698.7269897,0.610985994,0.201731995,0,273.5979919,1.961470008,5
"144",2,699.7990112,2.404999971,0.465600997,91.19940186,455.9970093,5.438560009,5
"145",2,778.8599854,2.768290043,0.437918991,3764.179932,135.9519958,1.961470008,4
"146",2,698.440979,1.50556004,0.288738996,30.39979935,192.2649994,1.961470008,5
"147",2,700.2529907,1.006960034,0.35166201,30.39979935,364.7969971,1.961470008,5
"148",2,770.757019,1.260319948,0.565912008,1305.420044,4778.959961,0,2
"149",2,719.184021,7.799270153,0.674944997,60.79959869,3332.899902,0,5
"150",2,715.6939697,1.561249971,0.728115022,85.9835968,3531.879883,0,5
"151",2,723.9290161,1.994940042,0.615459979,219.2160034,3690.409912,0,4
"152",2,718.1439819,4.55257988,0.617458999,543.8079834,3251.639893,0,4
"153",2,718.5839844,2.315890074,0.647641003,516.7960205,3053.330078,1.195619941,4
"154",2,712.7940063,1.376719952,0.826663017,121.598999,3819.26001,0,5
"155",2,709.2189941,0.880203009,0.622922003,42.9917984,3249.370117,1.195619941,5
"156",2,711.0170288,0.868323982,0.718227029,30.39979935,3452.350098,6.438739777,5
"157",2,715.5949707,3.427580118,0.617565989,491.1239929,3295.820068,0,5
"158",2,718.5839844,2.315890074,0.647641003,516.7960205,3053.330078,1.195619941,4
"159",2,709.3920288,2.300620079,0.574580014,0,3331.52002,6.438739777,5
"160",2,713.8909912,2.540930033,0.542877018,0,3785.840088,0,5
"161",2,711.1450195,0.437981009,0.513557017,212.798996,3612.969971,0,5
"162",2,710.7750244,1.197450042,0.678535998,273.5979919,3529.52002,0,5
"163",2,712.4520264,1.71164,0.626577973,395.196991,3413.719971,0,5
"164",2,710.7750244,1.197450042,0.678535998,273.5979919,3529.52002,0,5
"165",2,752.309021,2.055190086,0.603495002,1961.910034,442.6279907,1.195619941,4
"166",2,710.7750244,1.197450042,0.678535998,273.5979919,3529.52002,0,5
"167",2,710.7750244,1.197450042,0.678535998,273.5979919,3529.52002,0,5
"168",2,712.5,1.11511004,0.479874015,192.2649994,3648.98999,0,5
"169",2,723.6799927,3.721820116,0.445544988,789.223999,3118.76001,0,4
"170",2,728.9060059,1.664520025,0.569947004,912.5,2294.330078,6.438739777,4
"171",2,712.2000122,0.896799028,0.350161999,275.2820129,3553.790039,0,5
"172",2,710.8049927,1.731130004,0.484259993,171.9669952,3994.540039,0,5
"173",2,713.6719971,0.900942028,0.616531014,182.3990021,3828.199951,0,5
"174",2,709.1799927,0.238396004,0.709688008,243.197998,3584.209961,0,5
"175",2,715.4069824,0.805993021,0.589456022,245.0910034,4202.649902,0,4
"176",2,721.8859863,2.498589993,0.469653994,699.1950073,3124.22998,0,4
"177",2,713.6140137,1.931759953,0.61450702,303.9979858,3709.52002,0,5
"178",2,726.8930054,2.436490059,0.477364004,1019.640015,2790.159912,0,4
"179",2,713.2709961,1.394520044,0.617317021,30.39979935,3720.219971,0,5
"180",2,723.539978,2.637010098,0.597751021,590.257019,3189.659912,0,4
"181",2,752.309021,2.055190086,0.603495002,1961.910034,442.6279907,1.195619941,4
"182",2,717.2449951,1.628409982,0.644025028,96.13259888,4179.390137,0,4
"183",2,700.0579834,1.077819943,0.350511998,243.197998,271.9039917,5.438560009,5
"184",2,702.1079712,2.493299961,0.232547998,323.1539917,91.19940186,1.961470008,5
"185",2,705.9019775,0.589727998,0.783343017,250.6829987,516.7960205,1.961470008,5
"186",2,708.8300171,2.853689909,0.650644004,520.3610229,271.9039917,1.961470008,5
"187",2,699.4650269,0.64635098,0.270343989,30.39979935,486.3970032,5.438560009,5
"188",2,698.7410278,0.672137022,0.358357012,121.598999,121.598999,1.961470008,5
"189",2,705.9879761,1.14842999,0.823367,177.2599945,607.9959717,1.961470008,5
"190",2,700.0410156,0.721341014,0.253381014,151.9989929,312.9849854,1.961470008,5
"191",2,699.2609863,0.657100976,0.205215007,30.39979935,471.9320068,5.438560009,5
"192",2,700.7979736,0.166869,0.357143015,60.79959869,457.0090027,5.438560009,5
"193",2,702.1640015,1.416180015,0.662634015,0,638.3959961,1.961470008,5
"194",2,702.5419922,1.010519981,0.744499028,109.6080017,701.8339844,5.438560009,5
"195",2,699.1560059,0.495288998,0.289655,60.79959869,364.7969971,1.961470008,5
"196",2,699.3129883,0.951608002,0.186998993,96.13259888,273.5979919,1.961470008,5
"197",2,725.9990234,2.677890062,0.413572013,605.7119751,395.196991,1.961470008,4
"198",2,700.4429932,0.735948026,0.415441006,60.79959869,384.5299988,5.438560009,5
"199",2,700.8850098,1.172780037,0.459495991,60.79959869,334.3980103,5.438560009,5
"200",2,700.0289917,2.477989912,0.491349012,245.0910034,135.9519958,5.438560009,4
"201",2,705.5479736,1.040879965,0.778801978,184.9149933,577.5960083,1.961470008,5
"202",2,699.4520264,0.619930029,0.399928004,380.9079895,464.0329895,5.438560009,5
"203",2,700.7020264,0.538214028,0.36146301,0,405.5840149,1.961470008,5
"204",2,703.6279907,0.954333007,0.499655992,42.9917984,722.5949707,5.438560009,5
"205",2,709.5209961,0.779926002,0.483058989,67.97599792,334.3980103,1.961470008,4
"206",2,700.2189941,0.669380009,0.398779005,60.79959869,395.196991,5.438560009,5
"207",2,715.4060059,1.869379997,0.593972027,42.9917984,3754.100098,6.438739777,5
"208",2,715.9559937,1.601729989,0.603670001,67.97599792,3701.290039,6.438739777,5
"209",2,713.8099976,1.952909946,0.665351987,490.1820068,3327.080078,0,5
"210",2,716.3959961,2.192770004,0.633390009,560.5440063,3236.969971,0,4
"211",2,709.007019,0.798453987,0.635430992,192.2649994,3620.639893,0,5
"212",2,710.1879883,0.837127984,0.531511009,194.654007,4024.389893,0,5
"213",2,710.0109863,1.08604002,0.757869005,135.9519958,3690.409912,0,5
"214",2,712.5310059,2.875839949,0.654408991,237.4299927,3406.540039,6.438739777,5
"215",2,708.9769897,0.134004995,0.731683016,182.3990021,3624.850098,0,5
"216",2,714.5869751,1.365440011,0.630492985,520.3610229,3281.209961,0,5
"217",2,713.3829956,2.300760031,0.762597024,60.79959869,3797.179932,0,5
"218",2,713.5079956,1.417359948,0.640690982,30.39979935,3815.629883,0,5
"219",2,717.7960205,2.444619894,0.59561801,151.9989929,3059.679932,6.438739777,4
"220",2,712.7329712,0.704006016,0.436661988,91.19940186,4110.160156,0,5
"221",2,713.8859863,0.784444988,0.878525972,60.79959869,3823.25,0,5
"222",2,712.0209961,0.584482014,0.721882999,30.39979935,3782.550049,0,5
"223",2,723.5999756,1.25643003,0.328390002,548.039978,3178.199951,0,2
"224",2,708.867981,0.899604023,0.598124027,364.7969971,3446.050049,0,5
"225",2,710.2219849,0.957433999,0.50819701,151.9989929,4012.889893,0,5
"226",2,714.1229858,2.09423995,0.683824003,442.6279907,3380.399902,0,5
"227",2,711.3690186,1.837380052,0.496286005,151.9989929,3988.860107,0,5
"228",2,716.4959717,1.636279941,0.473309994,125.3420029,2823.909912,0,5
"229",2,711.8980103,1.999160051,0.665908992,109.6080017,3718.850098,6.438739777,5
"230",2,723.6690063,2.680399895,0.568277001,537.8270264,2381.48999,0,4
"231",2,715.8629761,1.241260052,0.451774001,203.9279938,2853.370117,0,5
"232",2,716.1950073,2.165699959,0.607177973,125.3420029,3525.590088,6.438739777,4
"233",2,710.2369995,1.155779958,0.703077018,273.5979919,3535.409912,0,5
"234",2,710.8070068,1.369449973,0.429619014,109.6080017,3716.370117,0,5
"235",2,718.2600098,9.873760223,0.757890999,60.79959869,3325.27002,0,5
"236",2,713.1680298,1.762480021,0.622530997,395.196991,3428.709961,0,5
"237",2,815.6900024,1.45310998,0.610346019,1091.430054,2653.330078,0.292205989,4
"238",2,732.9609985,2.425260067,0.491364986,838.6160278,2406.389893,6.438739777,4
"239",2,698.4279785,0.728347003,0.34375,464.0329895,312.9849854,5.438560009,5
"240",2,696.9780273,0.143758997,0.330873013,151.9989929,214.9589996,1.961470008,5
"241",2,699.9920044,0.61294198,0.525394022,85.9835968,425.5969849,5.438560009,2
"242",2,700.5079956,1.098549962,0.280142993,163.7079926,259.7359924,1.961470008,5
"243",2,702.7180176,2.046119928,0.385129988,109.6080017,305.5140076,5.438560009,2
"244",2,696.8699951,0.591643989,0.329697013,85.9835968,259.7359924,1.961470008,5
"245",2,697.9979858,1.169700027,0.322005987,231.5180054,327.4159851,1.961470008,5
"246",2,701.8610229,1.340370059,0.38063699,237.4299927,558.8930054,1.961470008,5
"247",2,699.1589966,0.343897015,0.336086005,60.79959869,408.9869995,1.961470008,5
"248",2,705.5739746,3.373709917,0.414038986,286.7909851,60.79959869,5.438560009,4
"249",2,702.1090088,1.008460045,0.490107,380.9079895,487.3460083,5.438560009,5
"250",2,699.5529785,2.629189968,0.327502996,339.8800049,435.2590027,5.438560009,5
"251",2,705.0689697,2.565210104,0.400858998,490.1820068,366.0620117,5.438560009,5
"252",2,701.8259888,0.707884014,0.421104997,231.5180054,354.5190125,5.438560009,5
"253",2,702.6879883,2.252729893,0.457239002,494.8729858,135.9519958,5.438560009,4
"254",2,776.7789917,2.929470062,0.542856991,885.2550049,734.6439819,6.438739777,4
"255",2,761.1459961,2.365250111,0.354371995,1392.430054,1557.819946,5.752779961,2
"256",2,746.1560059,3.121870041,0.476951987,463.0360107,96.13259888,5.438560009,4
"257",2,714.5159912,3.112570047,0.448379993,323.1539917,42.9917984,18.78120041,2
"258",2,715.4509888,3.509540081,0.370047003,271.9039917,67.97599792,18.78120041,2
"259",2,705.5360107,1.704169989,0.563193977,422.3269958,91.19940186,1.961470008,4
"260",2,818.664978,1.295339942,0.627066016,2463.879883,5210.439941,0.292205989,4
"261",2,781.1060181,3.251329899,0.536567986,1158.790039,366.0620117,5.438560009,4
"262",2,817.1589966,0.210523993,0.662043989,1025.51001,3968.540039,0.292205989,4
"263",2,731.2949829,1.71073997,0.464976013,2194.27002,135.9519958,1.961470008,4
"264",2,761.2109985,0.717420995,0.618133008,5207.600098,2974.98999,5.752779961,4
"265",2,751.3120117,1.550860047,0.445977002,4402.100098,2397.72998,5.752779961,2
"266",2,740.3549805,3.094599962,0.364744008,1074.790039,669.4860229,18.78120041,2
"267",2,715.007019,1.69145,0.512696981,1381.77002,135.9519958,1.961470008,4
"268",2,734.401001,1.462949991,0.333673,2951.290039,2192.580078,5.752779961,2
"269",2,760.1049805,2.399790049,0.412916005,0,0,5.752779961,2
"270",2,770.8770142,2.616630077,0.506108999,1246.76001,2493.52002,0,2
"271",2,760.9879761,0.836077988,0.571246982,1501.949951,3287.959961,0,4
"272",2,724.5230103,2.326839924,0.358740985,280.2720032,60.79959869,5.438560009,2
"273",2,748.3809814,3.578049898,0.483024001,1332.75,1975.98999,6.438739777,4
"274",2,743.8690186,0.696335018,0.333772004,1101.550049,1003.190002,6.438739777,2
"275",2,760.9879761,0.836077988,0.571246982,1501.949951,3287.959961,0,4
"276",2,767.7139893,2.546089888,0.576093972,1064.430054,0,6.438739777,4
"277",2,787.2479858,2.060689926,0.633535981,2097.810059,5073.759766,0,4
"278",2,756.53302,3.96329999,0.501424015,67.97599792,886.2990112,6.438739777,4
"279",2,741.0319824,4.967160225,0.492794991,1893.839966,1210.280029,5.438560009,4
"280",2,744.9390259,1.051229954,0.369206995,669.4860229,516.7960205,6.438739777,2
"281",2,746.3859863,1.048099995,0.616225004,480.6629944,663.940979,6.438739777,4
"282",2,756.53302,3.96329999,0.501424015,67.97599792,886.2990112,6.438739777,4
"283",2,760.9879761,0.836077988,0.571246982,1501.949951,3287.959961,0,4
"284",2,723.7199707,2.219609976,0.550235987,463.0360107,212.798996,6.438739777,5
"285",2,734.7739868,2.513060093,0.496062994,407.8559875,583.9609985,6.438739777,2
"286",2,756.53302,3.96329999,0.501424015,67.97599792,886.2990112,6.438739777,4
"287",2,760.9879761,0.836077988,0.571246982,1501.949951,3287.959961,0,4
"288",2,761.492981,0.766336977,0.556286991,605.7119751,685.8510132,6.438739777,4
"289",2,757.5809937,3.660640001,0.339870989,366.0620117,1165.150024,6.438739777,2
"290",2,763.5789795,1.869940042,0.59424901,946.7960205,641.2839966,6.438739777,4
"291",2,721.9559937,0.256844014,0.39932999,171.9669952,121.598999,6.438739777,5
"292",2,773.9609985,2.529649973,0.557286024,1229.599976,1215.98999,6.438739777,4
"293",2,743.8690186,0.696335018,0.333772004,1101.550049,1003.190002,6.438739777,2
"294",2,696.9730225,0.567885995,0.353992999,399.8469849,407.8559875,5.438560009,5
"295",2,697.427002,0.932101011,0.413004994,501.3659973,299.4030151,5.438560009,2
"296",2,705.3359985,2.339020014,0.523558974,666.7189941,182.3990021,5.438560009,4
"297",2,697.2080078,1.342929959,0.322230995,346.6109924,614.7979736,5.438560009,5
"298",2,699.2180176,2.411180019,0.46410501,573.5819702,214.9589996,5.438560009,4
"299",2,697.4260254,1.716109991,0.312020987,491.1239929,615.5490112,5.438560009,4
"300",2,707.8079834,2.564429998,0.500289023,923.072998,85.9835968,5.438560009,5
"301",2,696.8880005,0.186707005,0.341540992,288.3980103,667.4119873,5.438560009,5
"302",2,697.0859985,0.122754,0.333813012,299.4030151,364.7969971,1.961470008,5
"303",2,710.1879883,1.184290051,0.53937,42.9917984,652.7109985,6.438739777,2
"304",2,707.4650269,1.338279963,0.610614002,42.9917984,722.5949707,6.438739777,5
"305",2,706.0200195,1.212039948,0.496767014,668.7949829,366.0620117,5.438560009,4
"306",2,696.4140015,0.594866991,0.298494011,85.9835968,343.9339905,1.961470008,5
"307",2,698.0239868,2.894510031,0.473232001,455.9970093,490.1820068,5.438560009,4
"308",2,696.7620239,0.637133002,0.303600013,310.0180054,625.9699707,5.438560009,5
"309",2,696.7810059,1.019659996,0.346976995,376.0249939,413.4819946,5.438560009,5
"310",2,699.4609985,2.906349897,0.635630012,515.9019775,151.9989929,1.961470008,4
"311",2,709.1170044,0.957342982,0.492711008,408.9869995,0,5.438560009,4
"312",2,712.7559814,2.458950043,0.495664001,775.0460205,280.2720032,1.961470008,4
"313",2,745.9470215,2.717869997,0.449097991,2460.879883,407.8559875,18.78120041,4
"314",2,698.9630127,4.225619793,0.316327006,42.9917984,339.8800049,5.438560009,5
"315",2,711.7999878,9.168749809,0.420578003,280.2720032,109.6080017,18.78120041,2
"316",2,712.7559814,2.458950043,0.495664001,775.0460205,280.2720032,1.961470008,4
"317",2,731.1589966,1.691849947,0.36697799,834.75,1806.170044,6.438739777,2
"318",2,753.6560059,2.771009922,0.446637988,1290.109985,1856.630005,6.438739777,4
"319",2,737.447998,3.534100056,0.482284009,494.8729858,1387.780029,6.438739777,2
"320",2,769.2659912,2.185440063,0.528479993,709.6900024,339.8800049,6.438739777,4
"321",2,721.1309814,0.317517996,0.355922997,192.2649994,1398.719971,6.438739777,5
"322",2,703.559021,1.475440025,0.345732987,327.4159851,259.7359924,5.438560009,2
"323",2,704.6939697,1.473770022,0.306443006,558.8930054,243.197998,5.438560009,5
"324",2,702.5310059,4.335780144,0.486220002,761.8170166,151.9989929,5.438560009,4
"325",2,713.9790039,3.101779938,0.583362997,789.223999,60.79959869,5.438560009,2
"326",2,761.5120239,2.959379911,0.416974008,1169.5,1448.060059,5.438560009,2
"327",2,705.7979736,3.254240036,0.261343986,346.6109924,384.5299988,5.438560009,5
"328",2,703.5549927,3.223390102,0.277790993,870.5180054,109.6080017,5.438560009,5
"329",2,783.098999,2.374550104,0.584719002,1098.189941,376.0249939,5.438560009,4
"330",2,744.0029907,1.200109959,0.458285987,730.8610229,155.0090027,5.438560009,4
"331",2,770.7589722,2.735029936,0.51691097,961.3259888,720.6740112,5.438560009,4
"332",2,757.65802,3.093780041,0.514106989,1290.109985,312.9849854,5.438560009,4
"333",2,708.2739868,1.276029944,0.331265986,519.4719849,317.3829956,5.438560009,5
"334",2,700.8720093,0.964901984,0.291761011,641.2839966,273.5979919,5.438560009,5
"335",2,731.9240112,1.196799994,0.469994009,3708.899902,2505.540039,5.752779961,2
"336",2,765.5020142,2.259749889,0.472593009,584.7520142,1418.72998,0,4
"337",2,784.5830078,2.456170082,0.527230978,2393.879883,4019.790039,6.438739777,4
"338",2,776.2340088,0.44927299,0.513607025,3979.590088,2116.879883,5.752779961,4
"339",2,757.0089722,4.812660217,0.454277009,815.7119751,490.1820068,5.752779961,4
"340",2,735.1929932,0.675523996,0.376682013,1742.359985,1972.47998,5.752779961,2
"341",2,802.6669922,1.618890047,0.619840026,1530.890015,2850.780029,6.438739777,4
"342",2,781.1420288,3.698339939,0.625528991,898.210022,752.0490112,5.438560009,4
"343",2,781.1420288,3.698339939,0.625528991,898.210022,752.0490112,5.438560009,4
"344",2,788.4589844,4.640590191,0.502802014,346.6109924,1382.77002,5.438560009,4
"345",2,802.7880249,1.218279958,0.692797005,860.3729858,1744.47998,5.438560009,4
"346",2,747.8439941,0.627873003,0.383074999,1185.589966,1078.22998,5.438560009,2
"347",2,798.0159912,0.372054994,0.664811015,1453.160034,1618.910034,5.438560009,4
"348",2,778.9299927,1.352730036,0.68393302,1198,4009.550049,6.438739777,4
"349",2,694.0869751,2.420059919,0.387160987,30.39979935,237.4299927,5.438560009,5
"350",2,724.2780151,1.322710037,0.447082996,1940.119995,2044.939941,5.752779961,2
"351",2,808.3629761,0.589569986,0.603372991,1806.170044,2974.98999,6.438739777,4
"352",2,698.1199951,4.725540161,0.48754701,192.2649994,42.9917984,5.438560009,5
"353",2,695.0059814,1.473950028,0.350580007,30.39979935,177.2599945,5.438560009,5
"354",2,693.9890137,1.12045002,0.426485002,85.9835968,91.19940186,5.438560009,5
"355",2,701.3670044,2.091419935,0.524457991,192.2649994,42.9917984,5.438560009,5
"356",2,697.8549805,3.447350025,0.477670997,67.97599792,303.9979858,5.752779961,5
"357",2,725.9719849,4.133860111,0.398535013,580.7869873,951.6640015,5.752779961,2
"358",2,771.5720215,4.704909801,0.597117007,455.9970093,413.4819946,5.438560009,4
"359",2,789.5189819,2.532939911,0.532509029,795.6389771,5962.160156,5.752779961,4
"360",2,823.2509766,2.036360025,0.650017023,3100.929932,747.7360229,0,4
"361",2,795.9349976,3.872649908,0.552879989,669.4860229,1135.02002,6.438739777,2
"362",2,755.5269775,6.333799839,0.49474299,30.39979935,894.085022,5.438560009,5
"363",2,721.8909912,2.891700029,0.561101019,607.9959717,366.0620117,1.010669947,2
"364",2,770.5479736,1.722790003,0.495014995,334.3980103,1671.98999,6.438739777,4
"365",2,698.2819824,1.624279976,0.322685003,85.9835968,701.8339844,1.010669947,2
"366",2,733.0969849,4.690529823,0.400471985,1290.109985,1827.280029,1.010669947,2
"367",2,773.7650146,3.074120045,0.641865015,2107.26001,367.321991,5.438560009,4
"368",2,783.3920288,0.825250983,0.763761997,1428.790039,654.8319702,5.438560009,4
"369",2,749.8729858,1.783779979,0.382147998,1775.719971,2321.560059,1.010669947,2
"370",2,760.302002,1.97905004,0.566343009,334.3980103,1580.790039,1.010669947,4
"371",2,760.302002,1.97905004,0.566343009,334.3980103,1580.790039,1.010669947,4
"372",2,771.348999,2.375010014,0.47181499,790.3950195,2353.379883,1.010669947,2
"373",2,758.6710205,1.627320051,0.400682002,1278.599976,1842.390015,1.010669947,2
"374",2,768.6409912,1.504889965,0.434132993,730.2280273,2239.909912,1.010669947,2
"375",2,776.5549927,2.580490112,0.553478003,788.6389771,2732.600098,6.438739777,4
"376",2,780.0599976,1.898530006,0.503555,699.1950073,1473.369995,6.438739777,4
"377",2,754.617981,2.474600077,0.404089987,30.39979935,2310.379883,6.438739777,5
"378",2,756.6799927,0.854152024,0.467705995,163.7079926,2133.409912,6.438739777,5
"379",2,743.9099731,2.027859926,0.481144994,607.9959717,3770.679932,5.752779961,4
"380",2,815.8629761,2.106230021,0.660269976,912.5,740.28302,0,4
"381",2,832.5770264,1.227460027,0.639508009,3654.300049,2195.949951,0,4
"382",2,716.4719849,2.100500107,0.352077007,171.9669952,192.2649994,1.010669947,2
"383",2,785.8449707,0.661550999,0.474314004,2184.77002,3805.929932,1.010669947,4
"384",2,716.8930054,1.467890024,0.418307006,327.4159851,30.39979935,1.010669947,4
"385",2,742.382019,1.926470041,0.407117993,1121.5,1479.319946,1.010669947,2
"386",2,836.9619751,0.793051004,0.632667005,0,0,0,4
"387",2,836.9619751,0.793051004,0.632667005,0,0,0,4
"388",2,836.9619751,0.793051004,0.632667005,0,0,0,4
"389",2,731.2009888,8.88572979,0.434783012,221.3139954,2124.070068,5.752779961,4
"390",2,717.1129761,1.751649976,0.418967992,625.9699707,1153.589966,1.010669947,4
"391",2,505.3389893,0.207424,0.405169994,1538.420044,1696.410034,2.478929996,4
"392",2,488.7000122,1.128819942,0.372110009,1307.189941,1101.550049,5.752779961,4
"393",2,457.526001,1.165599942,0.374260008,0,0,2.478929996,2
"394",2,457.105011,0.520613015,0.203327,3012.030029,151.9989929,5.752779961,2
"395",2,473.427002,1.932219982,0.408387005,171.9669952,328.8240051,5.752779961,4
"396",2,461.4320068,0.556607008,0.29043901,259.7359924,652.7109985,7.641960144,2
"397",2,461.4400024,0.791463017,0.412656993,1461.719971,3818.290039,12.19499969,4
"398",2,449.901001,0.863861978,0.309956014,0,0,7.641960144,5
"399",2,462.6090088,0.997003973,0.289950997,1003.190002,725.1480103,12.19499969,2
"400",2,447.1350098,1.534800053,0.632681012,0,0,7.641960144,5
"401",2,469.4519958,0.781135976,0.408450991,384.5299988,121.598999,7.641960144,2
"402",2,496.4930115,12.13029957,0.388951987,451.9249878,711.6409912,7.641960144,2
"403",2,474.8210144,1.421300054,0.365648001,451.9249878,652.7109985,12.19499969,2
"404",2,452.1119995,1.849679947,0.339062005,0,0,12.19499969,4
"405",2,449.5130005,0.982136011,0.477358997,0,0,12.19499969,5
"406",2,461.0299988,0.51642698,0.361746013,151.9989929,632.5789795,7.641960144,2
"407",2,488.1740112,2.157259941,0.446235001,0,85.9835968,7.641960144,2
"408",2,457.2149963,0.535228014,0.388336986,259.7359924,2751.47998,7.641960144,2
"409",2,447.6400146,0.538093984,0.449548006,0,0,7.641960144,5
"410",2,451.7640076,0.38310799,0.395644009,184.9149933,2579.51001,7.641960144,2
"411",2,459.0379944,0.910821021,0.390206009,30.39979935,1282.569946,7.641960144,2
"412",2,486.0499878,3.987270117,0.35273999,524.7819824,425.5969849,7.641960144,4
"413",2,448.8370056,0.296465009,0.61916697,2128.199951,6787.399902,7.641960144,5
"414",2,478.6809998,2.048729897,0.272130996,1455.699951,2020.609985,7.641960144,2
"415",2,505.5580139,4.605690002,0.381806999,475.8320007,603.4190063,7.641960144,2
"416",2,482.7630005,2.369270086,0.418148011,679.7600098,547.1959839,7.641960144,4
"417",2,480.6480103,1.467859983,0.253668994,1139.48999,1922.650024,7.641960144,2
"418",2,448.7969971,3.149830103,0.613183975,1651.689941,6879.359863,7.641960144,2
"419",2,454.4020081,0.842808008,0.393110007,584.7520142,4477.029785,12.19499969,2
"420",2,447.4460144,0.717746019,0.699388027,231.5180054,5623.959961,7.641960144,2
"421",2,446.3970032,1.231520057,0.456061006,96.13259888,4106.109863,7.641960144,2
"422",2,448.1319885,1.687019944,0.58394599,303.9979858,5270.049805,12.19499969,2
"423",2,447.7929993,0.322614014,0.514671028,693.2219849,5195.52002,7.641960144,2
"424",2,450.6040039,1.210980058,0.418595999,0,0,7.641960144,5
"425",2,448.5679932,0.458573997,0.835138023,797.9580078,6006.709961,7.641960144,2
"426",2,748.447998,3.192009926,0.712275028,769.6610107,4418.439941,1.010669947,4
"427",2,741.4769897,5.079269886,0.586696982,608.7550049,5943.450195,1.010669947,4
"428",2,462.598999,2.44513011,0.359034002,182.3990021,663.940979,7.641960144,2
"429",2,481.8659973,3.250760078,0.441249996,1858.369995,2580.939941,7.641960144,4
"430",2,470.7269897,0.810672998,0.427635998,2517.320068,3658.72998,7.641960144,4
"431",2,453.4750061,0.812858999,0.338948011,1695.040039,5148.709961,7.641960144,2
"432",2,492.1669922,2.613850117,0.358435005,245.0910034,109.6080017,7.641960144,2
"433",2,518.302002,17.37249947,0.267708004,455.9970093,717.4609985,7.641960144,3
"434",2,510.946991,1.723709941,0.410889,245.0910034,203.9279938,7.641960144,2
"435",2,450.0539856,0.63220799,0.351972014,0,0,7.641960144,5
"436",2,450.519989,0.931418002,0.729058981,1155.589966,6769.399902,7.641960144,5
"437",2,447.0130005,1.455129981,0.527876973,1550.689941,6709.47998,7.641960144,2
"438",2,446.4779968,0.572256982,0.768557012,1063.98999,6391.910156,7.641960144,2
"439",2,462.8410034,1.090600014,0.353861988,346.6109924,1294.400024,7.641960144,2
"440",2,456.7470093,0.47696799,0.326081991,3443.23999,4488.060059,7.641960144,2
"441",2,456.868988,0.682390988,0.329149991,3232.399902,5008.5,7.641960144,2
"442",2,459.1570129,1.580369949,0.418347001,4118.689941,4730.759766,7.641960144,2
"443",2,460.2250061,1.364480019,0.40634799,3399.620117,4182.040039,7.641960144,2
"444",2,458.2529907,0.987654984,0.296698987,3597.469971,5056.609863,7.641960144,2
"445",2,459.9240112,1.10089004,0.431755006,4247.279785,5526.580078,7.641960144,4
"446",2,452.4360046,1.574900031,0.528226018,0,0,7.641960144,5
"447",2,449.2000122,0.544246972,0.371262997,3443.23999,6197.529785,7.641960144,5
"448",2,448.6700134,0.536301017,0.335294008,3328.189941,6013.089844,7.641960144,5
"449",2,449.052002,0.619621992,0.329369009,3850.110107,6170.259766,7.641960144,5
"450",1,773.6279907,2.52177,0.600814998,271.9039917,2618.800049,0.292205989,4
"451",1,763.651001,2.858459949,0.658469975,2951.290039,3009.580078,0,4
"452",1,759.9580078,0.770147026,0.632447004,125.3420029,3363.27002,0.292205989,4
"453",1,784.9819946,3.477080107,0.608560026,1192.199951,1213.709961,0,4
"454",1,781.2949829,2.163779974,0.583638012,2509.959961,3019.389893,0.292205989,4
"455",1,801.5469971,1.309810042,0.606435001,959.8829956,1591.280029,0,2
"456",1,807.8389893,0.345115989,0.635632992,5035.919922,4568.069824,0,4
"457",1,791.3729858,0.962680995,0.564441025,2694.800049,5357.609863,0,4
"458",1,772.9050293,0.798925996,0.631888986,2846.080078,3667.810059,0,4
"459",1,780.2730103,2.305649996,0.584487975,1106.569946,1124.790039,0,4
"460",1,809.5510254,1.03275001,0.614198983,0,1569.349976,0,2
"461",1,770.9609985,1.156340003,0.675007999,3185.459961,3940.72998,0,4
"462",1,783.8839722,1.829180002,0.637831986,1380.099976,1315.650024,0,4
"463",1,748.8569946,0.957542002,0.630819976,339.8800049,1428.790039,0.292205989,4
"464",1,773.3200073,1.829480052,0.622923017,2536.330078,3735.709961,0,4
"465",1,755.8969727,0.864293993,0.60680902,471.9320068,3017.090088,0.292205989,4
"466",1,782.1049805,2.45878005,0.643557012,3404.370117,3693.419922,0,4
"467",1,779.0499878,1.670029998,0.630539,2204.97998,2778.379883,0,4
"468",1,742.3930054,1.486189961,0.655691028,245.0910034,399.8469849,0.292205989,4
"469",1,744.065979,1.38775003,0.590968013,125.3420029,1730.390015,0.292205989,4
"470",1,751.4660034,0.405827999,0.572628975,60.79959869,1086.339966,0,4
"471",1,781.5130005,2.561549902,0.620527029,1305.780029,2241.560059,0.292205989,4
"472",1,739.3040161,2.046580076,0.659848988,135.9519958,990.2119751,0.292205989,4
"473",1,748.6740112,3.324749947,0.589178979,530.9099731,509.5929871,0,4
"474",1,789.6589966,3.069279909,0.599593997,2256.149902,2380.129883,0,4
"475",1,779.4699707,1.221819997,0.650804996,2288.280029,1856.130005,0,4
"476",1,740.8289795,1.540979981,0.309971005,327.4159851,60.79959869,0.292205989,3
"477",1,802.2009888,0.654325008,0.609440029,3561.449951,3770.679932,0,4
"478",1,816.1290283,0.162410006,0.604411006,3803.97998,2990.47998,0,4
"479",1,740.559021,2.537359953,0.64338398,163.7079926,303.9979858,0.292205989,4
"480",1,780.6459961,1.452739954,0.637383997,2130.810059,2420.560059,0,4
"481",1,766.0819702,1.398749948,0.62261498,1830.310059,1999.22998,0.292205989,4
"482",1,748.8809814,2.985100031,0.642012,396.3649902,109.6080017,0,4
"483",1,817.651001,0.605277002,0.641184986,3443.23999,2626.550049,0,4
"484",1,755.6480103,1.689389944,0.654730022,847.9310303,1237.459961,0,4
"485",1,737.2960205,0.70728302,0.599242985,666.7189941,571.1599731,0.292205989,4
"486",1,763.4459839,1.523970008,0.630985975,1825,1902.599976,0.292205989,4
"487",1,784.3060303,1.491070032,0.595745027,335.7770081,1039.829956,0,2
"488",1,768.7249756,1.519189954,0.611151993,1664.22998,2416.159912,0,4
"489",1,762.3880005,2.407569885,0.641236007,811.1680298,2765.550049,0,4
"490",1,732.5969849,1.110630035,0.580283999,730.8610229,271.9039917,0.292205989,3
"491",1,759.9979858,2.13628006,0.613644004,900.2650146,1504.709961,0.292205989,4
"492",1,735.8740234,2.616650105,0.642090976,626.7080078,184.9149933,0.292205989,4
"493",1,792.4580078,0.930262983,0.578306019,1578.449951,3052.27002,0,4
"494",1,736.0880127,0.503493011,0.399531007,245.0910034,125.3420029,0.292205989,3
"495",1,776.0809937,1.466009974,0.635150015,775.0460205,2008.459961,0,4
"496",1,742.3699951,2.074690104,0.57613802,1872.97998,413.4819946,0,4
"497",1,777.4219971,0.524559021,0.622956991,1290.469971,1229.599976,0,2
"498",1,790.4730225,0.967058003,0.647971988,1784.290039,1821.959961,0,4
"499",1,777.4329834,1.394309998,0.62055099,1526.660034,1343.790039,0,2
"500",1,762.0280151,2.010099888,0.644777,759.9949951,1754.26001,0.292205989,4
"501",1,786.7529907,1.912400007,0.670265973,2677.429932,3644.429932,0,4
"502",1,738.9240112,0.148938999,0.649895012,435.2590027,328.8240051,0.292205989,4
"503",1,727.125,2.925169945,0.632679999,1754.780029,212.798996,0,4
"504",1,806.7969971,2.644500017,0.534622014,614.7979736,2636.560059,1.195619941,4
"505",1,748.9699707,0.960412025,0.638162971,273.5979919,836.4089966,0.292205989,4
"506",1,765.3870239,0.355955005,0.627367973,4035.280029,844.6550293,0.0123089,4
"507",1,787.8939819,1.349810004,0.570842028,2371.179932,2049.449951,0,4
"508",1,733.9400024,0.666679025,0.497891992,1405.640015,182.3990021,0.292205989,5
"509",1,737.2869873,1.636630058,0.62390399,442.6279907,194.654007,0.0123089,4
"510",1,779.914978,0.832252026,0.685939014,1414.48999,300.9429932,0.292205989,4
"511",1,744.4069824,0.94690299,0.584748983,3798.51001,601.8850098,0.0123089,4
"512",1,798.1040039,2.208309889,0.592386007,505.9530029,1362.579956,0.292205989,2
"513",1,802.6790161,0.992680013,0.582099974,3055.139893,571.1599731,0.292205989,4
"514",1,772.2650146,2.194190025,0.553532004,448.8479919,567.914978,0.292205989,4
"515",1,796.5720215,2.37928009,0.545621991,3199.929932,1813.829956,1.961470008,4
"516",1,785.2529907,1.000859976,0.602719009,649.8729858,2091.409912,0,4
"517",1,724.8469849,2.632740021,0.798623979,2543.790039,67.97599792,0,5
"518",1,792.7269897,3.022830009,0.549190998,1747.660034,1210.660034,1.195619941,3
"519",1,735.026001,3.726210117,0.510618985,1512.97998,214.9589996,0.292205989,4
"520",1,768.5910034,1.384699941,0.691085994,3070.379883,1524.849976,0.0123089,4
"521",1,735.0349731,1.420060039,0.619531989,1247.869995,0,0.0123089,4
"522",1,733.9439697,2.308160067,0.65783298,961.3259888,945.8200073,0.0123089,4
"523",1,746.3259888,2.622639894,0.543412983,1121.089966,1234.469971,0,4
"524",1,733.3410034,0.899967015,0.843258023,2934.800049,280.2720032,0.0123089,5
"525",1,742.1950073,1.511710048,0.664617002,1010.539978,2210.629883,0,4
"526",1,769.9160156,3.421210051,0.48219201,42.9917984,128.9750061,1.195619941,4
"527",1,764.7540283,2.875960112,0.444205999,182.3990021,109.6080017,1.195619941,4
"528",1,804.802002,5.943600178,0.496275991,870.5180054,395.196991,1.195619941,4
"529",1,744.5289917,1.124469995,0.763175011,3386.540039,1125.199951,0.0123089,4
"530",1,780.1820068,3.385809898,0.477526993,346.6109924,992.5430298,1.195619941,4
"531",1,815.1170044,3.952310085,0.517241001,1019.190002,620.0360107,1.195619941,4
"532",1,748.1729736,3.006459951,0.606397986,3465.310059,871.0479736,0.0123089,4
"533",1,727.1190186,1.963940024,0.839340985,3045.139893,151.9989929,0.0123089,5
"534",1,719.7130127,0.233928993,0.338728011,2212.51001,366.0620117,0,3
"535",1,755.789978,2.434639931,0.574640989,60.79959869,1280.040039,0.292205989,4
"536",1,744.4619751,1.498639941,0.587009013,2495.189941,959.8829956,0.0123089,4
"537",1,727.9050293,1.578130007,0.621851981,2468.939941,271.9039917,0.0123089,4
"538",1,752.0739746,0.356052995,0.652773023,685.8510132,779.2080078,0,4
"539",1,795.177002,2.078500032,0.667276025,1032.25,1369.339966,0,4
"540",1,773.6599731,1.046880007,0.53925699,1324.400024,354.5190125,0.292205989,4
"541",1,740.8569946,0.678029001,0.613098979,151.9989929,734.6439819,0.0123089,4
"542",1,728.7969971,1.497959971,0.578257978,2138.379883,366.0620117,0,4
"543",1,784.0689697,2.292289972,0.469469994,583.9609985,993.9379883,0.292205989,4
"544",1,704.2260132,1.819650054,0.390525997,364.7969971,91.19940186,5.438560009,5
"545",1,763.6350098,0.864677012,0.655057013,3457.699951,1246.390015,0.0123089,4
"546",1,740.526001,1.516659975,0.592756987,587.1170044,1917.359985,1.961470008,4
"547",1,755.7470093,3.2509799,0.466580987,1501.949951,1305.780029,1.961470008,4
"548",1,723.8569946,1.099339962,0.584357023,4409.22998,1434.920044,0,4
"549",1,710.6779785,1.910449982,0.46528399,422.3269958,516.7960205,1.961470008,4
"550",1,787.5170288,1.086420059,0.650876999,760.6030273,259.7359924,0.0123089,4
"551",1,761.4110107,2.673969984,0.595570982,597.2609863,192.2649994,0.0123089,4
"552",1,790.2919922,1.96973002,0.565886021,1459.189941,1673.089966,0.0123089,2
"553",1,797.1309814,1.264219999,0.526022017,4012.77002,671.5529785,0.0123089,4
"554",1,765.8740234,2.284780025,0.546707988,366.0620117,541.2529907,0.292205989,4
"555",1,753.2379761,1.841950059,0.428975999,1914.219971,715.526001,1.961470008,4
"556",1,769.6749878,1.622730017,0.614835024,395.196991,366.0620117,0.0123089,4
"557",1,775.723999,2.416520119,0.456452012,0,0,1.961470008,4
"558",1,736.7689819,1.130679965,0.567893028,2516.030029,1281.48999,0,4
"559",1,704.8070068,1.736420035,0.531657994,30.39979935,182.3990021,1.961470008,5
"560",1,755.1389771,1.92821002,0.558103979,182.3990021,184.9149933,0.0123089,4
"561",1,702.9379883,1.143229961,0.528263986,303.9979858,0,1.961470008,5
"562",1,783.46698,2.413949966,0.623089015,1204.540039,732.1240234,0.292205989,4
"563",1,764.9379883,2.191099882,0.649895012,2506.830078,1705.099976,0.0123089,4
"564",1,751.6900024,4.631790161,0.623381019,376.0249939,0,0.292205989,4
"565",1,763.0800171,1.431409955,0.543505013,576.7949829,752.0490112,0.292205989,4
"566",1,804.2969971,1.724400043,0.61509198,4499.169922,657.6480103,0.0123089,4
"567",1,778.9879761,1.360350013,0.584592998,821.3569946,626.7080078,0.0123089,4
"568",1,805.1530151,2.977339983,0.607051015,4562.910156,877.3909912,0.292205989,4
"569",1,790.9329834,1.213140011,0.631469011,2474.360107,182.3990021,0.0123089,4
"570",1,738.5599976,1.514430046,0.533142984,4328,1033.589966,0,2
"571",1,783.9539795,3.316359997,0.654807985,693.2219849,259.7359924,0.0123089,4
"572",1,713.242981,3.312799931,0.432025999,85.9835968,451.9249878,1.961470008,4
"573",1,768.5869751,0.909424007,0.581472993,790.3950195,1509.310059,1.961470008,4
"574",1,732.9849854,1.771720052,0.428034008,705.117981,303.9979858,1.961470008,4
"575",1,754.3469849,2.364900112,0.654844999,237.4299927,42.9917984,0.0123089,4
"576",1,795.2670288,2.588959932,0.614075005,2419.97998,299.4030151,0.0123089,4
"577",1,799.4290161,1.98973,0.531988978,4377.569824,902.8280029,0,2
"578",1,711.7189941,1.430729985,0.362821013,3716.73999,480.6629944,0,5
"579",1,785.8540039,1.687420011,0.626694977,2244.23999,67.97599792,0.0123089,4
"580",1,739.5469971,3.123660088,0.678906024,699.1950073,30.39979935,0.0123089,4
"581",1,772.6370239,1.967880011,0.611166,151.9989929,231.5180054,0,2
"582",1,738.4899902,2.130630016,0.633553028,4870.22998,2219.179932,0,4
"583",1,722.7509766,2.238440037,0.428483993,259.7359924,486.3970032,1.961470008,4
"584",1,729.7810059,1.083349943,0.615005016,3937.449951,1317.050049,0,4
"585",1,795.2290039,2.424900055,0.681307018,5111.870117,1562.560059,0.0123089,4
"586",1,796.0280151,1.714329958,0.588644981,4385.160156,543.8079834,0,2
"587",1,770.6359863,2.287169933,0.634325981,699.1950073,701.8339844,0.0123089,4
"588",1,793.9160156,1.860479951,0.630403996,2007.540039,503.2059937,0.0123089,4
"589",1,750.3969727,2.409300089,0.607490003,60.79959869,709.6900024,0.0123089,4
"590",1,813.4589844,1.15576005,0.62607199,2669.820068,1441.349976,0.0123089,4
"591",1,774.4869995,1.47052002,0.613838971,243.197998,286.7909851,0,4
"592",1,747.7730103,0.757040977,0.57526499,882.117981,1550.689941,1.195619941,4
"593",1,817.7960205,0.0116574,0.632201016,5026.359863,1444.22998,0.292205989,4
"594",1,754.5839844,2.327029943,0.595766008,243.197998,60.79959869,0.0123089,4
"595",1,799.6170044,0.982442021,0.654578984,1307.189941,701.8339844,0.0123089,4
"596",1,815.3590088,1.403749943,0.615096986,4883.02002,1307.189941,0.292205989,4
"597",1,812.6359863,1.393509984,0.587692022,3155.870117,1032.25,0,2
"598",1,705.2399902,1.45272994,0.419999987,109.6080017,571.1599731,5.438560009,2
"599",1,700.882019,1.671740055,0.343098998,369.82901,109.6080017,5.438560009,2
"600",1,817.882019,0.450886995,0.611567974,3100.780029,2156.459961,0.0123089,4
"601",1,726.2689819,3.465709925,0.618206978,1695.040039,626.7080078,6.438739777,4
"602",1,796.9240112,3.054080009,0.617332995,945.8200073,194.654007,0,2
"603",1,735.9370117,2.212990046,0.555894971,271.9039917,471.9320068,6.438739777,5
"604",1,722.1519775,1.465409994,0.491618007,584.7520142,0,6.438739777,5
"605",1,741.6459961,2.819000006,0.351431996,2006.390015,1006.409973,6.438739777,2
"606",1,732.6970215,1.253620028,0.495793015,1550.089966,2672.76001,5.752779961,4
"607",1,799.8989868,1.16644001,0.599860013,212.798996,717.4609985,0.0123089,4
"608",1,820.9890137,0.126269996,0.632346988,788.6389771,1909.630005,0.292205989,4
"609",1,803.7969971,1.123569965,0.656503975,1634.25,761.8170166,0.0123089,4
"610",1,815.9019775,2.477649927,0.610117972,2945.02002,1550.089966,0,2
"611",1,771.0770264,3.589099884,0.412535995,1312.829956,674.9849854,5.438560009,4
"612",1,819.4099731,0.789577007,0.708208978,1514.51001,2814.23999,0.292205989,4
"613",1,825.9520264,1.491840005,0.613011003,1380.099976,2470.629883,0.0123089,4
"614",1,770.5040283,2.544310093,0.49455899,1569.349976,767.2559814,0,2
"615",1,718.8759766,0.500174999,0.508666992,707.0809937,1808.209961,18.78120041,4
"616",1,821.1519775,0.554455996,0.645088971,961.3259888,1398.719971,0.292205989,4
"617",1,804.8129883,2.194710016,0.607670009,795.6389771,67.97599792,0,2
"618",1,814.8590088,1.808030009,0.64744997,3784.26001,811.1680298,0.292205989,4
"619",1,792.4219971,1.671800017,0.601490021,2192.580078,1592.72998,0,2
"620",1,786.7540283,1.54727006,0.544637024,1301.170044,709.6900024,0,2
"621",1,822.0349731,1.181779981,0.652967989,788.6389771,1824.48999,0.292205989,4
"622",1,741.2349854,2.559010029,0.526042998,1074.790039,2149.590088,5.438560009,4
"623",1,720.5579834,1.697260022,0.489437997,1079.51001,245.0910034,6.438739777,5
"624",1,727.9869995,3.656409979,0.440394998,67.97599792,280.2720032,5.438560009,4
"625",1,765.2379761,1.724619985,0.543323994,0,1889.930054,5.438560009,4
"626",1,707.15802,1.405580044,0.410613,177.2599945,109.6080017,5.438560009,2
"627",1,822.53302,0.443383992,0.628930986,3103.159912,2989.860107,0.0123089,4
"628",1,820.3690186,0.739965022,0.59463501,1405.640015,1367.98999,0.292205989,4
"629",1,725.2769775,0.678617001,0.397276998,135.9519958,60.79959869,6.438739777,2
"630",1,751.5170288,1.941529989,0.678364992,2868.719971,674.9849854,6.438739777,4
"631",1,788.4119873,2.840749979,0.621132016,4879.620117,2130.810059,0,2
"632",1,715.3410034,1.103680015,0.444938987,259.7359924,1319.859985,5.438560009,4
"633",1,806.6989746,1.621510029,0.649123013,3685.899902,516.7960205,0.292205989,4
"634",1,819.4530029,1.17516005,0.635810018,5883.75,1474.619995,0.292205989,4
"635",1,823.632019,0.961700976,0.609082997,2859.040039,1915.430054,0,2
"636",1,754.1160278,1.931810021,0.527140975,1397.400024,4395.370117,5.752779961,4
"637",1,739.1069946,1.721029997,0.361476004,1975.98999,938.4630127,6.438739777,2
"638",1,748.9559937,2.04843998,0.317337006,312.9849854,946.7960205,6.438739777,4
"639",1,770.0009766,2.550980091,0.635766029,3224.379883,1033.589966,0,4
"640",1,767.1229858,5.478759766,0.491456985,2279.97998,85.9835968,5.438560009,4
"641",1,812.8380127,1.445690036,0.666317999,1821.959961,1539.319946,0.0123089,4
"642",1,797.5430298,1.351590037,0.664159,3545.189941,125.3420029,0.292205989,4
"643",1,820.8200073,1.072049975,0.638439,4614.560059,1642.709961,0.292205989,4
"644",1,737.3510132,2.946369886,0.468098998,1386.780029,3561.449951,5.752779961,4
"645",1,725.5549927,1.804329991,0.480457991,717.4609985,364.7969971,5.438560009,4
"646",1,778.3989868,1.548900008,0.563741028,3138.399902,1730.390015,0,2
"647",1,814.6420288,3.485539913,0.549843013,2235.570068,1487.109985,0,2
"648",1,695.7650146,0.464616001,0.383949012,389.3070068,151.9989929,5.438560009,5
"649",1,800.8790283,1.028530002,0.627873003,2365.719971,486.3970032,0.0123089,4
"650",1,818.7940063,0.351025999,0.680770993,3844.459961,1724.5,0.0123089,4
"651",1,743.5939941,2.635580063,0.404579997,257.9509888,693.8880005,18.78120041,2
"652",1,714.2299805,1.540019989,0.551407993,30.39979935,1003.650024,1.961470008,4
"653",1,821.1229858,2.044929981,0.572789013,2063.610107,1311.430054,0,2
"654",1,802.0579834,1.536710024,0.690582991,2896.290039,423.4200134,0.292205989,4
"655",1,775.9509888,2.136559963,0.483274013,666.7189941,192.2649994,0,2
"656",1,739.5020142,5.010900021,0.381583989,422.3269958,784.5269775,5.752779961,2
"657",1,826.8060303,1.320919991,0.621358991,1775.97998,2101.110107,0.0123089,4
"658",1,808.0219727,1.793540001,0.590206027,386.9259949,328.8240051,0.0123089,2
"659",1,778.0159912,1.672889948,0.562440991,3698.790039,2092.070068,0,4
"660",1,820.7769775,0.603101015,0.639652014,4058.570068,3309.110107,0.0123089,4
"661",1,743.7369995,3.113290071,0.431418985,67.97599792,177.2599945,5.438560009,4
"662",1,738.3120117,5.246029854,0.525255978,30.39979935,389.3070068,5.438560009,4
"663",1,728.526001,2.366830111,0.446561009,354.5190125,1394.75,5.438560009,4
"664",1,808.934021,2.329020023,0.655875981,1086.339966,303.9979858,0.292205989,4
"665",1,711.9249878,0.461602002,0.507106006,538.6859741,212.798996,5.438560009,4
"666",1,821.1199951,1.11145997,0.676685989,480.6629944,2089.419922,0.292205989,4
"667",1,742.684021,2.653889894,0.565163016,3108.070068,516.7960205,0,4
"668",1,742.934021,3.228179932,0.490705997,491.1239929,1101.130005,5.438560009,4
"669",1,745.6469727,2.26157999,0.414692998,821.3569946,1346.199951,5.438560009,2
"670",1,748.6640015,2.60593009,0.462496012,683.1500244,1074.359985,5.752779961,2
"671",1,747.3220215,1.582550049,0.457673997,1635.949951,4214.509766,5.752779961,4
"672",1,721.5139771,0.446516007,0.774172008,1599.969971,171.9669952,0,5
"673",1,766.5700073,2.011329889,0.607958019,339.8800049,480.6629944,0.292205989,4
"674",1,767.8150024,3.262089968,0.51445502,2623.909912,1277.150024,0,2
"675",1,824.6160278,0.702188015,0.610163987,1389.439941,1537.219971,0.0123089,4
"676",1,778.2130127,1.33841002,0.540566027,3875.22998,1915.189941,0,2
"677",1,703.1950073,2.17385006,0.470750988,109.6080017,515.9019775,5.438560009,4
"678",1,820.3779907,0.688857973,0.640303016,3842.540039,3122.899902,0.0123089,4
"679",1,823.4680176,0.988148987,0.405553013,67.97599792,2266.159912,0.292205989,4
"680",1,824.0130005,0.541697025,0.612471998,3507.459961,3347.429932,0.0123089,4
"681",1,703.0960083,3.897850037,0.371012986,214.9589996,30.39979935,5.438560009,2
"682",1,831.6810303,1.194000006,0.642881989,0,1621.47998,0.0123089,4
"683",1,802.7890015,1.271129966,0.617232025,1576.400024,752.6630249,5.438560009,4
"684",1,800.6589966,2.499819994,0.643148005,1155.589966,1225.449951,0.292205989,4
"685",1,768.0960083,4.504350185,0.56309998,128.9750061,413.4819946,5.438560009,4
"686",1,791.8380127,2.619469881,0.708730996,1333.439941,560.5440063,5.438560009,4
"687",1,766.1190186,3.101039886,0.58641398,1806.170044,639.1190186,0,4
"688",1,830.473999,1.185600042,0.623601019,709.6900024,2364.550049,0.0123089,4
"689",1,788.5839844,2.39786005,0.618637025,826.9639893,720.6740112,0.0123089,4
"690",1,783.6939697,1.998070002,0.628808975,1397.400024,844.6550293,0,4
"691",1,750.2039795,1.445950031,0.469170988,972.7930298,4401.259766,5.752779961,4
"692",1,767.4140015,2.715650082,0.565419018,517.6900024,442.6279907,5.438560009,4
"693",1,828.6350098,0.637311995,0.615148008,451.9249878,1180.51001,0.0123089,4
"694",1,785.309021,2.534100056,0.518131971,343.9339905,961.3259888,0,4
"695",1,819.59198,1.245700002,0.646224976,1810,413.4819946,0.0123089,4
"696",1,806.5460205,1.891759992,0.628390014,2044.939941,1357.47998,0.0123089,4
"697",1,690.1630249,1.636459947,0.474684,135.9519958,96.13259888,5.438560009,2
"698",1,836.1400146,0.331588,0.473051012,0,0,3.43156004,2
"699",1,831.2280273,0.545661986,0.629319012,2124.070068,1086.339966,0.0123089,4
"700",1,784.3969727,1.231410027,0.529551983,472.9100037,623.7520142,0.292205989,4
"701",1,748.15802,1.459400058,0.534632027,942.8839722,701.8339844,5.438560009,4
"702",1,772.4169922,1.659250021,0.64012599,4084.219971,699.1950073,6.438739777,4
"703",1,771.5089722,2.561320066,0.690509021,2644.080078,1492.380005,6.438739777,4
"704",1,778.5700073,4.881249905,0.385688007,1180.51001,638.3959961,5.438560009,4
"705",1,792.4379883,2.354559898,0.529223979,1240.449951,711.6409912,6.438739777,4
"706",1,830.0430298,0.136664003,0.682458997,644.8770142,2256.969971,0.0123089,4
"707",1,778.9790039,2.073659897,0.518868029,343.9339905,303.9979858,0.0123089,4
"708",1,789.2620239,3.05024004,0.510855973,237.4299927,1135.02002,0,4
"709",1,768.8040161,3.443660021,0.506211996,517.6900024,886.2990112,5.438560009,2
"710",1,801.2559814,1.012850046,0.563612998,366.0620117,1721.01001,0.0123089,4
"711",1,784.0209961,2.031049967,0.483229011,42.9917984,1880.119995,0.0123089,4
"712",1,778.0120239,1.435080051,0.68196398,3460.909912,1551.579956,6.438739777,4
"713",1,772.7470093,3.086400032,0.571150005,597.2609863,171.9669952,5.438560009,4
"714",1,831.7059937,0.363191992,0.633356988,2304.379883,1155.589966,0.0123089,4
"715",1,766.4420166,3.249670029,0.476731002,1031.800049,442.6279907,0,4
"716",1,827.6300049,1.03034997,0.625443995,2730.060059,4156.890137,0.0123089,4
"717",1,771.184021,2.222290039,0.450919986,300.9429932,413.4819946,0,4
"718",1,776.6430054,2.968300104,0.482160002,1124.790039,1204.540039,6.438739777,4
"719",1,778.4210205,1.031730056,0.471271008,795.6389771,701.8339844,0,4
"720",1,729.3280029,1.931120038,0.483898997,1085.060059,603.4190063,5.752779961,4
"721",1,773.1719971,2.413619995,0.584672987,303.9979858,177.2599945,0.0123089,4
"722",1,794.3889771,1.054939985,0.655624986,1187.150024,1241.930054,5.438560009,4
"723",1,784.184021,0.633243024,0.574642003,517.6900024,644.1599731,5.438560009,2
"724",1,810.6220093,1.854570031,0.644944012,1319.859985,1182.859985,0.0123089,4
"725",1,816.0809937,1.199609995,0.674531996,2066.52002,2205.820068,0.292205989,4
"726",1,777.5689697,7.78012991,0.602223992,699.8560181,590.257019,5.438560009,4
"727",1,752.4240112,2.068490028,0.536934018,471.9320068,644.8770142,6.438739777,2
"728",1,801.125,3.215169907,0.622788012,859.8359985,755.1149902,0.0123089,4
"729",1,811.6459961,1.416530013,0.641476989,1637.079956,1781.180054,0.292205989,4
"730",1,741.1309814,3.841830015,0.604471028,3890.820068,30.39979935,6.438739777,4
"731",1,799.1350098,1.625139952,0.627696991,969.4630127,830.3099976,0.0123089,4
"732",1,801.0280151,2.59717989,0.646808982,926.0720215,623.7520142,0.0123089,4
"733",1,772.2880249,1.591959953,0.588643014,1462.349976,829.7529907,0,4
"734",1,771.4849854,2.701280117,0.54766202,3230.969971,558.065979,6.438739777,4
"735",1,758.8359985,2.270489931,0.437065989,2713.77002,2502.77002,5.752779961,4
"736",1,803.632019,2.865750074,0.609097004,471.9320068,1089.73999,6.438739777,4
"737",1,684.9959717,3.786390066,0.319999993,212.798996,91.19940186,1.010669947,2
"738",1,801.8179932,1.653399944,0.64280802,2159.030029,1039.829956,0,4
"739",1,765.7739868,0.629375994,0.636776984,2586.129883,271.9039917,6.438739777,4
"740",1,803.8809814,1.678900003,0.618146002,30.39979935,2129.070068,0,4
"741",1,703.1279907,2.483560085,0.401205003,396.3649902,0,1.010669947,2
"742",1,678.867981,4.298709869,0.494670987,67.97599792,121.598999,1.010669947,2
"743",1,812.552002,0.915319026,0.581125021,442.6279907,1553.069946,0,4
"744",1,814.9140015,1.051440001,0.629523993,212.798996,881.5939941,0.292205989,4
"745",1,793.1489868,1.667940021,0.571750998,672.9279785,1282.569946,6.438739777,4
"746",1,761.5059814,1.841369987,0.561029017,4663.470215,2310.580078,5.752779961,4
"747",1,724.5999756,3.5255301,0.625717998,257.9509888,212.798996,1.010669947,4
"748",1,763.1870117,1.551120043,0.553973019,4520.990234,2440.52002,5.752779961,4
"749",1,775.3120117,3.608380079,0.515248001,2034.060059,1361.219971,5.752779961,2
"750",1,775.1010132,1.000749946,0.723743975,367.321991,1061.819946,1.010669947,4
"751",1,701.9639893,7.350989819,0.386099994,1117.790039,1255.630005,1.010669947,2
"752",1,808.3590088,1.547590017,0.615193009,177.2599945,2365.719971,0,4
"753",1,791.3079834,1.532870054,0.56221801,2708.820068,1010.539978,6.438739777,4
"754",1,786.2399902,1.972970009,0.547006011,2043.810059,938.4630127,6.438739777,4
"755",1,804.3690186,1.903740048,0.526467025,0,0,2.381069899,2
"756",1,809.5720215,1.549999952,0.609616995,2300.159912,1253.420044,0.0123089,4
"757",1,763.4509888,2.345099926,0.580645025,1441.670044,425.5969849,1.010669947,4
"758",1,750.7960205,1.189059973,0.431602001,3222.379883,42.9917984,6.438739777,5
"759",1,804.4249878,2.645509958,0.53520602,981.3060303,894.085022,6.438739777,4
"760",1,772.3920288,3.07604003,0.577655971,214.9589996,339.8800049,0,4
"761",1,783.0449829,0.883841991,0.452381015,42.9917984,1750.560059,0,4
"762",1,767.6870117,3.851180077,0.558646977,2914.73999,1269.530029,5.752779961,4
"763",1,772.2550049,2.388390064,0.511322021,5479.470215,1392.099976,5.752779961,4
"764",1,795.5150146,1.987499952,0.676416993,192.2649994,288.3980103,0.292205989,4
"765",1,832.4899902,0.435871005,0.616235971,2278.570068,2230.610107,0.0123089,4
"766",1,831.9030151,0.143889993,0.667780995,1779.880005,1490.829956,0.0123089,4
"767",1,813.0700073,1.893519998,0.618058026,1676.680054,2364.550049,0,4
"768",1,832.15802,0.586807013,0.644351006,759.9949951,2159.030029,0.0123089,4
"769",1,806.78302,1.054380059,0.580928981,0,0,2.381069899,4
"770",1,728.7670288,6.630579948,0.406217992,1863.339966,1384.439941,5.752779961,2
"771",1,800.0040283,1.71073997,0.643975973,2231.639893,1060.51001,0,4
"772",1,835.052002,0.936325014,0.655647993,2004.079956,2462.379883,0.0123089,4
"773",1,830.3499756,0.573713005,0.577861011,0,0,0.0123089,4
"774",1,792.572998,2.214839935,0.498145998,0,0,5.752779961,4
"775",1,763.1170044,1.814260006,0.612348974,2854.98999,2285.649902,5.752779961,4
"776",1,770.6669922,2.292089939,0.454127014,0,0,5.752779961,4
"777",1,806.3449707,2.5322299,0.618698001,2407.72998,1237.459961,0,4
"778",1,797.197998,1.285069942,0.589978993,870.5180054,1247.5,0,4
"779",1,801.9320068,3.721790075,0.583994985,2880.449951,1681.630005,0.0123089,4
"780",1,756.4140015,4.735280037,0.246896997,0,0,5.752779961,3
"781",1,761.4329834,2.352489948,0.660418987,2614.379883,177.2599945,6.438739777,4
"782",1,792.5120239,2.479389906,0.651306987,1541.119995,1484.930054,6.438739777,4
"783",1,810.3150024,2.077790022,0.616084993,85.9835968,2501.659912,0,4
"784",1,829.1719971,0.424721003,0.617851019,1096.079956,1947.959961,0.0123089,4
"785",1,831.5999756,0.288388997,0.648929,1893.839966,3249.370117,0,4
"786",1,826.2800293,2.695310116,0.556551993,3107.330078,1981.819946,0,4
"787",1,831.9249878,0.518518984,0.648777008,2374.48999,2615.969971,0,4
"788",1,718.6290283,8.960680008,0.405090988,709.0390015,214.9589996,1.010669947,4
"789",1,676.2280273,6.329370022,0.462107986,151.9989929,221.3139954,1.010669947,4
"790",1,828.9760132,0.401044011,0.686176002,654.8319702,2394.649902,0.292205989,4
"791",1,718.2700195,0.785070002,0.445436001,85.9835968,271.9039917,1.010669947,4
"792",1,509.4719849,1.287520051,0.362064004,2663.580078,599.5780029,2.478929996,2
"793",1,740.8029785,3.03192997,0.48832801,261.5090027,1155.589966,1.010669947,4
"794",1,697.2639771,6.790520191,0.465306014,1768.680054,448.8479919,1.010669947,4
"795",1,690.9639893,6.686470032,0.471412003,4037.800049,182.3990021,5.752779961,4
"796",1,713.0130005,1.489490032,0.459315002,4687.879883,151.9989929,5.752779961,4
"797",1,691.8029785,10.90719986,0.431048989,951.6640015,257.9509888,1.010669947,4
"798",1,764.1810303,7.898940086,0.38734901,5465.200195,399.8469849,5.752779961,4
"799",1,499.9240112,0.795633018,0.270247012,3406.129883,163.7079926,2.478929996,2
"800",1,698.8909912,5.513790131,0.380326986,286.7909851,1021.450012,1.010669947,2
"801",1,711.2470093,21.40259933,0.697777987,2924.860107,442.6279907,5.752779961,4
"802",1,796.2269897,3.895499945,0.611898005,0,0,2.381069899,3
"803",1,723.7620239,0.39733699,0.423431009,2353.379883,530.9099731,1.010669947,4
"804",1,738.8900146,11.71809959,0.366735011,5114.399902,943.8629761,2.478929996,4
"805",1,732.4400024,1.83062005,0.426764995,1191.810059,916.5419922,1.010669947,2
"806",1,740.7260132,3.680730104,0.495029986,2133.409912,584.7520142,1.010669947,4
"807",1,828.3549805,1.579779983,0.669351995,0,0,0.292205989,4
"808",1,833.3480225,0.739462018,0.705254972,3201.370117,3743.620117,0,4
"809",1,793.0300293,0.897098005,0.615863979,0,0,2.381069899,4
"810",1,707.2160034,1.969269991,0.481898993,4774.700195,182.3990021,5.752779961,4
"811",1,835.8469849,0.374024987,0.677605987,1504.709961,1753.98999,0,4
"812",1,722.0029907,2.61225009,0.440658003,1611.47998,693.8880005,1.010669947,4
"813",1,726.8540039,1.485470057,0.486077011,212.798996,151.9989929,1.010669947,4
"814",1,773.40802,0.534977019,0.354045004,3269.919922,1734.920044,1.010669947,2
"815",1,676.0239868,7.774099827,0.425000012,3820.350098,0,5.752779961,4
"816",1,721.7470093,10.21189976,0.406883001,5954.399902,128.9750061,2.478929996,4
"817",1,701.8560181,11.18760014,0.397819996,5655.509766,303.9979858,2.478929996,4
"818",1,785.1599731,0.519520998,0.565793991,3423.320068,1813.829956,1.010669947,4
"819",1,777.5640259,4.94698,0.233897999,3176.159912,530.9099731,5.752779961,4
"820",1,738.7930298,4.181580067,0.430756003,986.4719849,237.4299927,1.010669947,4
"821",1,736.1970215,3.096810102,0.464828998,4663.470215,396.3649902,5.752779961,3
"822",1,500.7369995,3.94411993,0.349409997,2555.929932,60.79959869,5.752779961,2
"823",1,719.0159912,4.769639969,0.484795988,1848.400024,271.9039917,5.752779961,4
"824",1,488.1239929,0.254776001,0.363857001,1991.589966,125.3420029,5.752779961,2
"825",1,496.9719849,2.888940096,0.387915999,1138.27002,2098.469971,2.478929996,4
"826",1,729.4699707,5.961380005,0.572504997,4123.290039,1699.400024,5.752779961,4
"827",1,597.6519775,25.4836998,0.354963988,3495.97998,448.8479919,5.752779961,4
"828",1,709.8770142,5.4896698,0.428689003,1308.599976,30.39979935,5.752779961,4
"829",1,774.0020142,2.647799969,0.424226999,4633.950195,1550.689941,5.752779961,4
"830",1,753.3660278,4.562860012,0.405501992,2625.669922,491.1239929,5.752779961,4
"831",1,506.0490112,0.633911014,0.404327989,1742.099976,881.5939941,5.752779961,4
"832",1,757.6060181,1.301229954,0.584919989,942.3939819,280.2720032,1.010669947,4
"833",1,715.7470093,8.807279587,0.437959999,752.6630249,212.798996,5.752779961,4
"834",1,487.0750122,2.620009899,0.295064986,1174.630005,605.7119751,5.752779961,2
"835",1,454.5360107,0.730437994,0.330249012,3199.929932,980.3640137,12.19499969,2
"836",1,458.9240112,0.512748003,0.300177008,945.8200073,2096.040039,12.19499969,2
"837",1,747.6140137,3.306420088,0.541261017,775.0460205,1019.640015,1.010669947,4
"838",1,725.315979,1.47092998,0.619516015,231.5180054,30.39979935,1.010669947,4
"839",1,779.9229736,15.58279991,0.404904991,4896.160156,558.8930054,5.752779961,4
"840",1,497.4110107,2.597980022,0.365072995,2505.540039,1301.170044,5.752779961,2
"841",1,490.6990051,0.570214987,0.360294014,2183.919922,1467.400024,5.752779961,2
"842",1,485.0939941,0.807914972,0.316089004,1658.670044,1259.670044,5.752779961,2
"843",1,757.2789917,1.488890052,0.553475976,2091.409912,693.2219849,1.010669947,4
"844",1,696.677002,6.173900127,0.449102014,843.0120239,679.7600098,5.752779961,4
"845",1,776.0809937,2.186470032,0.705563009,3019.23999,1349.290039,1.010669947,4
"846",1,455.0960083,2.163850069,0.36096999,1118.609985,121.598999,12.19499969,2
"847",1,769.8129883,2.085789919,0.571874976,2902.659912,638.3959961,1.010669947,4
"848",1,583.9730225,14.0394001,0.287099987,2021.300049,2492.780029,5.752779961,3
"849",1,447.1830139,1.217300057,0.386198014,0,0,7.641960144,5
"850",1,464.5369873,1.677350044,0.303218991,769.6610107,221.3139954,7.641960144,2
"851",1,749.0150146,0.886197984,0.674980998,2453.919922,685.8510132,1.010669947,4
"852",1,462.9100037,1.256719947,0.402009994,3394.040039,2015.119995,12.19499969,4
"853",1,772.0750122,2.47777009,0.687587023,2800.73999,1269.530029,1.010669947,4
"854",1,474.5150146,0.496221006,0.242363006,611.7839966,732.1240234,12.19499969,2
"855",1,561.664978,19.45159912,0.387636006,1454.75,1884.790039,5.752779961,3
"856",1,455.4719849,0.975663006,0.353006989,2386.139893,245.0910034,7.641960144,2
"857",1,465.8340149,1.190510035,0.320919007,565.4689941,303.9979858,7.641960144,2
"858",1,768.3900146,2.837980032,0.650842011,2610.840088,1202.619995,1.010669947,4
"859",1,457.2059937,0.831627011,0.319440991,2450.909912,0,12.19499969,2
"860",1,756.7730103,3.332950115,0.510510981,3516.139893,711.6409912,1.010669947,4
"861",1,459.8680115,0.907305002,0.358981013,395.196991,30.39979935,7.641960144,5
"862",1,451.4389954,0.432886004,0.448720992,2450.530029,30.39979935,7.641960144,2
"863",1,451.980011,0.336418986,0.349076003,2383.620117,60.79959869,7.641960144,2
"864",1,453.0230103,0.882393003,0.401156992,2988.01001,0,7.641960144,2
"865",1,689.4199829,11.78969955,0.487057,3159.969971,310.0180054,1.010669947,4
"866",1,453.3720093,0.927187979,0.30153501,1601.98999,60.79959869,7.641960144,2
"867",1,760.3339844,7.490059853,0.706230998,4443.990234,1019.640015,1.010669947,4
"868",1,731.7630005,3.683729887,0.459991992,0,0,4.453129768,4
"869",1,759.0159912,0.577908993,0.351812005,3254.909912,1033.589966,7.641960144,4
"870",1,475.6329956,0.806674004,0.399165988,865.1929932,109.6080017,7.641960144,2
"871",1,488.4440002,3.170890093,0.511851013,1703.73999,271.9039917,7.641960144,4
"872",1,481.1820068,1.117280006,0.462004006,2300.159912,1305.420044,7.641960144,4
"873",1,447.1369934,0.701780975,0.690876007,5155.609863,300.9429932,7.641960144,2
"874",1,460.9410095,5.358369827,0.284595996,5329.939941,2107.26001,7.641960144,2
"875",1,449.4079895,1.567229986,0.391883999,6157.439941,537.8270264,7.641960144,2
"876",1,461.4169922,0.596387982,0.349965006,3178.629883,2184.139893,7.641960144,2
"877",1,447.8940125,0.633387029,0.810320973,5660.319824,584.7520142,7.641960144,2
"878",1,446.95401,0.254184991,0.651381016,4651.169922,194.654007,7.641960144,2
"879",1,492.8859863,0.193031996,0.370252013,623.7520142,343.9339905,7.641960144,2
"880",1,449.3659973,3.552659988,0.514768004,5382.910156,845.2020264,7.641960144,2
"881",1,494.6130066,0.873700023,0.379985005,860.9099731,699.8560181,7.641960144,2
"882",1,451.802002,1.930349946,0.32368201,0,0,7.641960144,5
"883",1,744.5180054,7.337250233,0.425678015,4131.799805,573.5819702,1.010669947,4
"884",1,450.2900085,1.245550036,0.353529006,0,0,7.641960144,5
"885",1,718.6859741,6.980500221,0.469206005,4247.279785,109.6080017,1.010669947,4
"886",1,648.867981,4.807640076,0.557431996,993.9379883,666.7189941,7.641960144,4
"887",1,460.2479858,1.600819945,0.382678002,4600.930176,2323.149902,7.641960144,2
"888",1,453.5599976,0.890577018,0.31487599,4967.830078,376.0249939,12.19499969,5
"889",1,453.2380066,0.129544005,0.361429006,0,0,7.641960144,5
"890",1,452.9460144,0.606729984,0.402738005,0,0,7.641960144,2
"891",1,462.177002,0.383828998,0.416220009,5487.140137,4395.370117,7.641960144,4
