HAS_FIRE;Elevation;Slope;NDVI;Road;Hydrography;Pop_dens;Ocupations;LULC;Temperature;RH;Precipitation;Wind Speed;year
0;810,8151958;1,229334516;0,650857777;2961,614068;736,9723607;0,292205989;6121,565035;4;24,70433381;30,38597783;21,13491019;6,386318174;2005
0;760,8176519;2,051689563;0,615329169;745,0531998;1725,414514;1,961470008;1629,001753;4;25,68153348;76,41173018;11,75689888;15,67900242;2005
0;759,2328035;3,092170432;0,646510714;2878,004104;419,3258538;1,961470008;2780,911278;4;29,95546364;78,54926424;32,01180022;15,96965291;2005
0;819,8609086;1,256629127;0,664729163;203,4952786;1435,651333;0,292205989;4948,095091;4;23,2087872;76,64323089;14,75087591;6,278593316;2005
0;770,5249684;1,852587184;0,661396077;765,2296243;311,5007803;0,0123088;7819,140222;4;29,97996305;84,56636804;0,309088887;14,27504058;2005
0;761,5072476;2,217851777;0,416814817;1625,328886;1602,26883;5,93372037;3800,590677;4;21,29355333;50,9271396;27,10857546;12,12652968;2005
0;449,4122604;0,756652662;0,577835718;6142,17588;2086,231782;7,641960144;559,9127224;4;25,47289795;78,82672284;35,1326277;6,404070326;2005
0;776,7992295;1,551228664;0,667705206;733,5750262;2308,247213;0,292205989;1117,473425;4;27,75908735;77,76594781;35,13516432;11,52997797;2005
0;766,8736155;1,819024077;0,67811875;551,2882448;2775,333634;0;4276,17139;4;21,86441025;42,08802913;36,54127089;7,762494946;2005
0;807,4380008;2,12863088;0,647254167;2516,783207;1949,929234;0,010228972;5809,510762;4;21,89695361;36,80299836;31,55880814;8,187884715;2005
0;792,276479;1,458280546;0,688866666;1783,617647;608,1055261;0,0123088;9466,432392;4;27,73998792;35,14031452;10,75874926;5,478865827;2005
0;740,6868877;3,359770012;0,67789667;1770,057571;503,4910442;1,010669947;4243,199413;4;22,56132832;74,42424013;17,02118544;4,19035392;2005
0;723,1716027;2,500119332;0,529726041;423,0636308;4266,215021;5,752769947;829,546298;4;22,82754195;32,74150363;2,910847195;14,2335708;2005
0;459,1901269;0,967419995;0,458088547;452,2095285;2478,275517;9,537145709;429,8068013;15;20,47819909;70,09162153;12,9561728;12,31774877;2005
0;826,6881415;0,765377425;0,619489282;253,047008;2032,522326;0,0123088;10989,38035;4;22,16910054;62,19883385;1,058353634;13,08348794;2005
0;768,1771603;2,225235159;0,648751113;1938,299644;327,2384752;0;6811,832296;4;21,49058931;50,87458641;31,23189584;11,10479962;2005
0;722,8163984;9,124341396;0,635823337;2016,645694;316,9988073;1,010669947;1700,842545;4;23,70354195;63,070797;17,10412847;5,186609357;2005
0;767,6717385;2,062991942;0,633988096;331,6353545;222,1334764;0,131083139;11664,5421;4;21,06476274;57,35142404;20,43826509;5,726261598;2005
0;802,1621845;2,867187376;0,600166664;332,5295429;870,0596177;6,165963476;1423,806242;4;25,94727071;85,931023;36,15667415;12,69716072;2005
0;778,8432194;2,726612374;0,6805875;258,0716008;765,935431;5,438560009;1823,603717;4;22,79555607;44,23033336;35,73595557;16,80870063;2005
0;747,2282223;2,343150816;0,606025;1910,897583;291,6740644;1,961470008;1621,827329;4;29,87724092;67,80846558;27,70670115;14,35207759;2005
0;819,9964186;0,621058161;0,66816167;4654,662231;2168,893333;0,292205989;7548,004409;4;29,85150363;33,31546075;37,84054099;13,70840632;2005
0;710,3628969;1,443719256;0,670262497;289,7139419;210,7398462;5,438560009;809,6217842;4;20,41915003;93,46060239;0,438331667;5,835411587;2005
0;800,429881;1,893570755;0,620119794;1735,740047;1054,067087;0;7664,111186;4;19,000259;81,57370208;32,97024247;13,8484238;2005
0;785,1195455;1,636632725;0,670158332;1147,977927;1324,690374;0;11688,12709;4;29,51368461;31,55013342;40,16471349;16,83174714;2005
0;755,7431061;2,037454503;0,662200003;416,9267565;705,3061089;1,010669947;5473,999483;4;29,21870733;64,03338925;32,75530037;13,73911331;2005
0;794,6719117;1,730376107;0,559708332;523,1259744;418,0436475;6,438739777;4163,364753;4;19,93569708;44,33317552;39,64790058;14,55398809;2005
0;726,768027;2,088388252;0,571972217;487,5551212;200,3476475;6,438739777;685,3837643;4;19,39374136;72,53297433;18,01913577;14,57448973;2005
0;448,49432;0,799029773;0,715312503;4911,453903;257,043745;8,229793889;1016,022558;4;29,71236484;69,22983097;0,184814045;5,717930418;2005
0;780,4502915;2,05932816;0,650796429;382,241275;1874,663944;1,758508863;2503,282084;4;29,87654808;63,10377821;11,13556597;5,507025475;2005
1;713,5833511;2,554896682;0,527659298;214,2051973;324,2726332;1,961470008;345,7371105;4;27,234375;34,125;0;8,699895833;2005
1;768,0265241;3,320565277;0,53669777;376,2521358;484,1373715;5,438560009;1025,278163;4;27,79947917;35,09895833;0;16,15604167;2005
1;743,2972922;3,847808779;0,448017689;512,0699368;253,3544175;5,438560009;490,8833837;4;27,79947917;35,09895833;0;16,15604167;2005
1;784,4506456;3,821374765;0,480843545;629,4940981;785,4521358;5,438560009;974,7797045;4;27,92239583;31,703125;0;9,59375;2005
1;734,1079355;2,315618447;0,508207892;671,2855842;274,3656567;6,438739777;799,5061465;4;27,7921875;34,9375;0;9,928489583;2005
1;765,7606612;2,220648888;0,250655634;929,4054295;2441,417457;1,961470008;2483,851536;4;27,7921875;34,9375;0;9,928489583;2005
1;733,2200402;1,750889318;0,513552532;575,3954525;321,3355666;6,438739777;339,8625566;4;27,7921875;34,9375;0;9,928489583;2005
1;461,4589654;1,650442775;0,339057494;2808,747095;729,7674215;7,641960144;506,935252;4;27,7921875;34,9375;0;9,928489583;2005
1;766,9394175;2,060187578;0,651404818;2397,017527;1696,437292;5,752769947;3405,372705;4;21,95572917;65,44270833;0,058723923;7,93390625;2005
1;747,9063868;2,291780559;0,331057075;872,78556;2573,602106;1,961470008;2257,103267;4;27,7921875;34,9375;0;9,928489583;2005
1;756,3542361;1,590242556;0,584473872;3230,827037;1849,669839;4,700600622;3066,922835;3;28,728125;30,05208333;0;12,68036458;2005
1;731,49391;1,467165401;0,495722876;481,9289193;319,9664911;6,438739777;496,0945931;4;26,42447917;39,94270833;0;12,89729167;2005
1;752,6800611;2,135629845;0,381010928;303,4338095;2060,913756;1,961470008;1728,865719;4;27,7921875;34,9375;0;9,928489583;2005
1;791,9371846;2,166931025;0,278966472;3287,721072;1988,006055;5,752443523;3619,49758;4;26,6546875;33,703125;0;10,74442708;2005
1;755,6853904;1,924578102;0,332324624;502,8090587;851,2700896;6,438739777;808,7792738;4;26,42447917;39,94270833;0;12,89729167;2005
1;744,0977335;2,839432878;0,437132862;393,6730965;776,4595398;6,438739777;592,0820163;4;28,09635417;41,65104167;0;11,3778125;2005
1;757,6349557;2,351493487;0,320948463;2590,19506;1021,596719;1,961470008;2166,287389;4;26,6546875;33,703125;0;10,74442708;2005
1;727,5054738;1,827636089;0,44824711;191,3497133;764,6346807;6,438739777;327,3757919;4;28,09635417;41,65104167;0;11,3778125;2005
1;733,1382403;2,108767812;0,504927817;778,3321726;1110,123572;1,961470008;1088,707977;4;27,7921875;34,9375;0;9,928489583;2005
1;801,3840796;1,64118244;0,523592925;2803,241913;1580,223461;6,438739777;3263,405267;4;26,25989583;53,953125;0,049486617;10,30723958;2005
1;708,0509554;1,750027004;0,348899883;879,7851279;3692,540167;5,752769947;348,5735077;4;29,16510417;34,20833333;0;10,67348958;2005
1;760,0804175;2,232952134;0,558069555;1508,807442;1646,39782;7,0296427;3814,189584;4;21,95572917;65,44270833;0,058723923;7,93390625;2005
1;758,2151624;1,590967996;0,513635977;2903,838927;2130,6649;4,123090075;3275,738423;4;28,728125;30,05208333;0;12,68036458;2005
1;753,3228437;2,2874389;0,363570401;1238,602464;2879,399765;1,961470008;3105,343433;4;27,7921875;34,9375;0;9,928489583;2005
1;787,1077017;1,947623234;0,224306103;915,6074322;1758,303956;2,280780744;3930,296362;4;27,234375;34,125;0;8,699895833;2005
1;756,5616181;2,68403606;0,435977283;1145,32284;1645,247328;1,98010652;1668,29293;4;27,7921875;34,9375;0;9,928489583;2005
1;751,0613128;2,803682461;0,451655307;1349,599134;1780,878959;1,961470008;1867,571324;4;27,7921875;34,9375;0;9,928489583;2005
1;777,91134;1,772225299;0,252021893;2304,193844;1147,585563;2,13905722;3393,240521;4;26,6546875;33,703125;0;10,74442708;2005
1;790,4968763;1,837427518;0,292626677;1665,442635;1587,267489;3,586064136;3930,67338;4;27,234375;34,125;0;8,699895833;2005
1;749,534799;1,659197476;0,367823443;1000,525512;1673,063849;1,961470008;1720,901084;4;27,234375;34,125;0;8,699895833;2005
0;770,2355469;3,210438212;0,603561891;1024,004579;950,4748197;1,010669947;1318,070879;4;19,8706647;86,59609672;19,88625535;7,44042457;2006
0;783,4054272;1,89323412;0,665231085;2415,991332;3024,879828;5,196528359;6495,418093;4;18,74274033;69,67650068;6,052765614;11,05774937;2006
0;733,9460883;2,037012345;0,643621862;207,4395414;2248,492736;12,19499969;1794,512021;4;25,06260648;79,36635995;33,16488186;6,705594633;2006
0;734,1661151;1,929039486;0,533977771;497,7450117;373,7067109;5,752769947;11980,26241;4;26,54304979;47,2502718;10,81394344;5,983940831;2006
0;702,0340085;1,60934627;0,600176652;397,3047845;383,954949;1,010669947;331,6362272;4;26,79337705;80,15665679;16,90581775;6,145518484;2006
0;685,0149821;6,633551008;0,651869984;230,6988043;308,5087105;1,010669947;2485,314444;4;19,77655526;73,4906929;36,84937596;4,038687508;2006
1;699,9872182;3,186509526;0,526708373;419,0031326;814,2405754;1,010669947;4562,388737;4;22,86458333;58,640625;0,022731354;9,661458333;2006
1;722,6762007;7,771683154;0,452261019;2133,301082;257,307194;5,196528359;5210,156853;4;22,86458333;58,640625;0,022731354;9,661458333;2006
1;461,8421255;0,914054141;0,417753747;3581,957357;1205,151266;12,19499969;1837,483482;4;22,93645833;62,30208333;1,67E-13;10,6675;2006
1;758,2827328;2,09935493;0,654284742;1834,209881;1728,4227;5,752769947;3636,800913;4;23,24375;72,58333333;0,038278878;5,4671875;2006
1;706,4004458;6,951115456;0,460413467;1199,953292;549,8515463;1,010669947;4418,093557;4;22,86458333;58,640625;0,022731354;9,661458333;2006
1;697,9816767;6,553196275;0,461105785;596,393023;223,2002897;1,010669947;3337,967219;4;22,86458333;58,640625;0,022731354;9,661458333;2006
0;704,4718504;1,148971636;0,571162204;219,7514977;194,1685067;5,16544743;630,6004493;4;25,44995196;55,12479844;35,88363199;14,62450994;2007
0;752,304499;3,763209037;0,624858316;224,713185;201,6459288;5,438560009;361,5520258;4;30,15571603;31,24435496;20,79943724;18,6443991;2007
0;795,2587862;1,848309351;0,654409506;1022,526462;1140,380808;0,292205989;12570,77026;4;26,87798152;49,30284069;25,64981022;17,31906258;2007
0;769,9671258;1,733722815;0,625135703;230,7363259;2784,88061;0;3959,153371;4;21,78766183;64,28263429;36,27779832;18,06520931;2007
0;763,851518;3,601210959;0,57197498;411,0361766;330,0189145;1,010669947;4571,04544;4;27,24680674;63,51405695;33,44583663;18,85367504;2007
0;777,5444683;1,972554658;0,622615526;199,4362103;804,7629919;1,010669947;5215,580691;4;24,16826318;35,66285773;30,55832318;19,74113506;2007
0;716,9959487;2,318331748;0,542117763;430,6279409;621,3103944;1,961470008;523,9583567;4;25,35408939;50,09312008;26,24987019;7,403372894;2007
0;760,2587438;1,615979854;0,552889982;3078,784089;1907,168281;2,124099673;3559,275974;4;27,67740331;80,48953213;37,33768682;15,17405222;2007
0;729,2285763;1,327647016;0,637484512;888,0807301;466,4947377;0,0123088;12178,13314;4;26,83556477;84,47030831;32,42362336;10,95250956;2007
0;745,3465447;2,217362669;0,645128561;2101,093421;203,1847452;0,205805801;3842,301095;4;27,8199908;64,54213256;10,94890407;14,30351934;2007
0;745,8683616;1,246646388;0,62330237;821,6627124;1811,620486;0;2452,276582;4;29,40652155;45,38998329;34,76677385;8,484278903;2007
0;756,7598205;3,73278096;0,550033319;630,884184;742,4349431;5,438560009;477,4725008;4;30,33160332;65,1917245;1,567279732;16,16108491;2007
0;552,1560312;11,60718852;0,455528883;1265,877919;1018,307288;5,752769947;765,2210847;4;28,61438392;76,31281873;24,26765973;5,598538078;2007
0;768,3126713;1,323218252;0,64034332;3451,932407;1273,317451;0,0123088;6127,139339;4;25,70538209;75,22616385;33,3633002;15,25691005;2007
0;656,5821684;11,62345036;0,532684298;896,4995043;200,6147408;1,010669947;3265,665865;4;20,23486076;65,77447205;4,811625144;14,44990488;2007
0;489,2549906;1,759325708;0,37748228;495,6988718;866,7259181;5,752769947;531,740453;15;29,89138009;40,79515159;2,921276449;9,598647559;2007
0;765,4734143;1,779117742;0,557630939;579,3419195;1867,765882;1,920877779;1911,748221;4;26,58632871;87,07706041;24,81392064;5,097397509;2007
0;735,5121954;1,319137111;0,584129751;409,971341;746,2892073;0,0123088;12481,91952;4;20,99329239;88,71604202;16,89306277;16,5523677;2007
0;797,1146111;1,642064673;0,62285728;2336,171057;2837,787669;0;5847,236871;4;22,73035981;60,99295219;31,97574804;17,79789118;2007
0;809,923571;1,675949507;0,652599974;1081,163788;1578,721622;0;10327,69134;4;26,83479897;70,54626729;37,21882691;10,5033024;2007
0;762,068383;2,836702696;0,780842295;1056,471113;391,6595615;3,106291674;389,753722;3;26,48796916;44,55752397;26,69301247;12,85670615;2007
0;763,2235525;1,935334389;0,639446652;3482,264388;867,9564321;6,438739777;3693,682951;4;26,01453723;92,82092066;16,43574587;19,15656131;2007
0;535,9355163;10,77571587;0,494990449;262,4543818;317,9553959;7,641960144;380,5125086;4;28,38996697;65,35333805;37,45594784;13,60285581;2007
0;792,8301911;2,697678687;0,589842692;1524,667614;279,1865262;0,0123088;8961,792568;4;20,86537579;68,08219717;17,53523543;17,94956262;2007
0;775,117176;1,23504597;0,648570218;1535,17556;1231,397936;5,752769947;4394,07699;4;25,18926929;54,19032633;15,8690797;5,630556331;2007
0;808,1901911;1,751654445;0,627220817;421,5980892;586,6800277;0;5149,919483;4;21,49416469;61,85591214;8,473552727;15,00525475;2007
0;713,8472926;1,208366445;0,537420815;3386,096245;217,6492559;0;3626,883066;4;29,81234212;89,74181453;11,97426921;12,60915736;2007
0;710,8494537;1,676666165;0,613154431;2191,109854;197,5813053;2,529566022;642,3187922;4;23,546171;84,14428811;28,55691069;17,26899881;2007
0;835,54602;0,705255087;0,632870214;1573,950432;2206,282531;0,0123088;4266,912004;4;22,54199261;53,49576543;0,992531426;13,99223574;2007
0;776,7606325;1,679929212;0,60085593;2294,211118;199,1489471;0,292205989;2233,282878;4;28,52436736;78,41287376;17,54341435;5,005308586;2007
0;794,6333926;1,590789775;0,498946651;1385,920658;834,130664;0,292205989;897,3683667;4;22,94249519;54,88093773;14,33022317;16,76581194;2007
0;799,7438296;1,922332706;0,552504746;1480,401268;916,6725013;0,292205989;5305,399965;4;21,19295061;59,84020939;13,93854147;9,346803757;2007
0;736,6639841;2,429411557;0,517588886;643,3810452;783,3826058;1,961470008;388,7332636;4;21,47501449;45,44173899;2,238318359;15,46206345;2007
0;749,8206348;2,672852631;0,533795817;1035,16761;1096,720803;1,010669947;4058,97819;4;23,19497193;89,06598308;0,275135124;17,52015775;2007
1;728,9227622;1,255124952;0,531679201;3355,513246;220,8440754;0,003210991;8630,734372;4;26,11354167;47,61458333;2,56E-04;20,20510417;2007
1;751,2110654;2,458484629;0,582686824;2817,475361;197,9305861;6,438739777;403,5484257;4;30,3015625;32,11979167;0,044826076;10,52083333;2007
1;759,4493832;1,279099099;0,564149296;1270,831409;1602,462986;0,292205989;1366,58241;4;23,4390625;46,16666667;0;8,926822917;2007
1;720,0652005;1,334021476;0,467607034;2322,815667;170,9844089;0,004314573;9513,654953;4;26,11354167;47,61458333;2,56E-04;20,20510417;2007
1;732,6525792;1,583635288;0,334297272;1266,805973;891,3067026;0;10367,84044;4;26,11354167;47,61458333;2,56E-04;20,20510417;2007
1;748,1189532;1,230680185;0,497394007;832,9054789;863,8122777;0,292205989;1597,984016;4;23,4390625;46,16666667;0;8,926822917;2007
1;721,4054525;1,336064112;0,475174912;526,1640356;148,4900599;0,003405483;12695,58799;4;28,50572917;36,06770833;0;10,55703125;2007
1;727,0033499;1,032007284;0,541833243;176,8314082;396,5332017;0,01197341;12859,22004;4;26,11354167;47,61458333;2,56E-04;20,20510417;2007
1;769,9724253;1,979792261;0,450994464;1669,896284;336,9988894;6,438739777;1140,594192;4;25,86041667;40,60416667;0;8,590520833;2007
1;723,0618391;1,355824361;0,539083626;2448,893319;267,5176896;0,009861436;9929,751051;4;26,11354167;47,61458333;2,56E-04;20,20510417;2007
1;798,3130293;2,209170119;0,379472019;1038,873407;1953,009177;0,083284731;4027,793035;4;28,8625;31,84375;0;8,6125;2007
1;723,8978825;2,00642945;0,512086635;1342,891125;219,1576711;0,01217893;11752,35747;4;26,11354167;47,61458333;2,56E-04;20,20510417;2007
1;721,1552729;1,594987994;0,458354448;2219,47586;405,3895978;0;8745,468128;4;26,11354167;47,61458333;2,56E-04;20,20510417;2007
1;734,3276151;1,63054151;0,508592832;718,9359193;310,8311407;0,253206701;5176,472357;4;23,85;45,59895833;0;11,85953125;2007
1;766,3960399;1,910279696;0,461396113;816,6031959;486,9741347;0;7343,320345;4;29,07760417;31,484375;0;11,74104167;2007
1;764,3497665;3,798433643;0,471029988;619,2998894;1160,801749;5,438560009;1353,045713;4;26,603125;49,21354167;0,001640025;10,73489583;2007
1;721,1125802;1,488955084;0,410887628;2933,688899;232,2339521;0;7937,247374;15;26,11354167;47,61458333;2,56E-04;20,20510417;2007
1;732,3663166;1,942481173;0,517149922;1259,821003;200,1358484;0,007723709;5526,138597;4;23,1609375;43,32291667;0;11,39083333;2007
1;509,8562322;6,098442407;0,798986534;590,6720454;355,024742;7,641960144;960,6500528;4;25,00729167;78,17708333;2,222231568;5,391927083;2007
1;800,6759686;1,477079409;0,292469715;2852,417175;1544,187874;6,438739777;3703,571685;4;29,07760417;31,484375;0;11,74104167;2007
1;733,150886;1,889204399;0,450957479;870,9294412;139,149209;0,292205989;4018,338164;4;23,85;45,59895833;0;11,85953125;2007
1;732,6657382;1,876989525;0,312991228;1332,849121;378,5646016;0;11441,49724;4;26,11354167;47,61458333;2,56E-04;20,20510417;2007
1;783,7198012;1,741721924;0,415831176;2475,591368;889,7968683;6,438739777;2742,899079;4;29,07760417;31,484375;0;11,74104167;2007
1;739,4802083;0,943522649;0,534677014;308,8162193;571,3664492;0,292205989;1996,405219;4;23,1609375;43,32291667;0;11,39083333;2007
1;779,9242878;1,648439826;0,494322156;408,1956024;1505,2779;0;6504,468134;4;29,07760417;31,484375;0;11,74104167;2007
1;765,7011575;2,066238414;0,425329245;2116,046441;222,4247676;6,438739777;1163,866027;4;30,3015625;32,11979167;0,044826076;10,52083333;2007
1;723,1465184;1,61575523;0,391310929;1839,199727;346,1773661;2,02E-04;10095,99429;4;28,1171875;36,375;0;10,87005208;2007
1;726,5413785;1,625925224;0,415503756;926,5171468;237,7436051;0,001950338;12463,41947;4;26,11354167;47,61458333;2,56E-04;20,20510417;2007
1;459,1683936;1,002650549;0,355068384;4482,396566;3150,086919;7,641960144;344,6806412;15;25,30104167;64,18229167;3,336887114;5,126927083;2007
1;762,101379;2,592164182;0,574852342;1775,20448;308,8742784;6,438739777;1134,14185;4;30,3015625;32,11979167;0,044826076;10,52083333;2007
1;463,7131083;1,22816691;0,307609541;1220,245137;1047,643998;12,19499969;841,030189;15;25,48854167;37,046875;1,67E-13;15,12447917;2007
1;797,3091857;1,956527732;0,452363679;1716,688032;1005,030873;6,438739777;1586,93377;4;25,86041667;40,60416667;0;8,590520833;2007
1;737,1845995;1,017990952;0,443339872;365,5317683;520,8495556;0,292205989;2344,594093;12;23,1609375;43,32291667;0;11,39083333;2007
1;733,1026478;1,105997493;0,523464296;1778,228571;469,9382214;0,020839774;4899,170994;4;23,1609375;43,32291667;0;11,39083333;2007
0;754,5917625;1,030582513;0,616499988;1121,29136;1245,37796;0,292205989;1938,665545;4;19,21730603;47,7430457;57,93081919;11,04769219;2008
0;715,0755469;1,517622093;0,312118874;1008,43856;3492,39417;5,752769947;1021,451037;15;21,36380819;84,68045872;36,72519446;12,25876575;2008
0;791,6161837;1,703464157;0,571254747;335,0696072;1959,790388;0;6556,615334;4;19,57814981;34,49746673;50,7266872;12,68017997;2008
0;759,9552811;1,661104721;0,651514427;199,8118854;199,140749;0;12119,24061;4;29,06625064;82,76873733;16,4769987;17,17422618;2008
0;736,6327743;1,109267613;0,465942851;268,528489;242,6745745;0,292205989;1524,424597;12;27,23629919;90,03064075;17,4440423;8,269299745;2008
0;652,3974291;22,21883027;0,572832279;723,2455521;161,5517128;2,416563123;4019,713396;4;27,98729026;73,47017682;26,78853478;13,68712232;2008
0;723,3536811;9,653452489;0,546380937;994,4502162;238,4066645;4,385177215;2225,949856;4;20,18810069;79,68609009;18,97838213;11,81234799;2008
0;715,4081857;6,226228742;0,610839572;1803,552807;357,1508776;5,752769947;3322,143155;4;28,45647948;90,94513762;18,22388555;17,09424549;2008
0;741,6342075;2,292495787;0,499727364;1467,801419;927,0246964;1,010669947;3345,727406;15;19,03686973;59,8406467;21,82889784;18,21565628;2008
0;756,306474;3,537445581;0,543548884;217,5983806;1217,863463;6,438739777;1122,090174;4;27,67919879;91,66391681;0,346586248;9,839778215;2008
0;756,356867;3,305117;0,593849991;4017,204043;787,2132504;5,752769947;3559,97111;4;25,16884183;59,42162086;27,24778499;16,91198351;2008
0;739,4896182;1,505936957;0,696917694;3365,24202;666,3883256;0,0123088;6683,233488;3;30,48485313;80,04066841;7,355679875;13,90752209;2008
0;790,0826134;1,578311248;0,56174554;648,009078;854,1632153;0;7813,051994;4;23,5010609;93,97656715;21,2361712;5,215193058;2008
0;793,6553205;1,291940894;0,492963526;5547,214653;1718,027413;0;4546,06367;4;19,10340123;40,70904872;54,11146339;17,02334065;2008
0;785,2779277;1,715930899;0,562916652;3344,310388;1105,696556;6,438739777;2063,85204;4;25,26861982;46,80534273;29,24191215;5,801673383;2008
1;809,0051899;0,743670038;0,25149449;4398,117486;4192,348951;0;9653,06699;4;25,1265625;50,65625;0,007777336;15,56401042;2008
1;813,5289852;0,716748121;0,518930679;3851,085863;2424,764223;0;8773,557251;4;25,1265625;50,65625;0,007777336;15,56401042;2008
1;809,606;0,679458638;0,289884624;4991,365433;2581,344965;0;8348,662704;4;25,1265625;50,65625;0,007777336;15,56401042;2008
1;783,4174304;1,642945223;0,226819204;944,3432597;2993,43212;0,292205989;5794,463506;4;28,74010417;30,5625;0;11,75859375;2008
1;775,873413;1,375913745;0,367390952;2377,055896;3289,614356;0;8617,776063;4;28,74010417;30,5625;0;11,75859375;2008
1;760,459942;1,39894873;0,267719532;3314,273939;3247,324554;0;9085,497335;4;28,74010417;30,5625;0;11,75859375;2008
1;751,8237477;1,370244362;0,425981538;870,5736859;1252,024362;0,292205989;4825,167388;4;28,74010417;30,5625;0;11,75859375;2008
1;811,6979643;0,917528056;0,266474493;3692,516132;3974,792816;0;10290,01691;4;25,1265625;50,65625;0,007777336;15,56401042;2008
1;814,5863552;0,732341662;0,487062678;4413,871047;895,791741;1,909137475;8186,506546;4;25,1265625;50,65625;0,007777336;15,56401042;2008
1;809,8747086;0,816560427;0,434987481;4289,457363;3027,095993;0;9124,639151;4;25,1265625;50,65625;0,007777336;15,56401042;2008
1;808,478719;0,73581964;0,249025422;4207,603174;4621,910555;0;9684,312368;4;25,1265625;50,65625;0,007777336;15,56401042;2008
1;810,3653276;0,737378029;0,263541608;5547,485995;3317,019144;0;8188,065942;4;25,1265625;50,65625;0,007777336;15,56401042;2008
1;782,6962511;1,786645342;0,247334538;1593,747887;2912,59593;0,292205989;5956,197739;4;28,74010417;30,5625;0;11,75859375;2008
1;752,6653679;1,603560897;0,536764016;1029,14955;1286,438987;0,292205989;4502,348505;4;28,74010417;30,5625;0;11,75859375;2008
1;761,0359867;1,390274451;0,354426148;3793,86046;3894,842988;0;8761,166887;4;28,74010417;30,5625;0;11,75859375;2008
0;748,3696643;2,564992658;0,607924426;191,1988171;1203,953991;5,438560009;950,2609303;4;21,57018994;67,00392549;43,25833361;7,859619898;2009
1;795,7464773;1,634104838;0,299717351;4430,17036;546,1494111;0;7016,887809;4;25,90833333;72,78125;3,662520281;5,734635417;2009
0;793,306089;1,813354716;0,463827081;290,1863003;953,3822402;5,203383608;2941,151757;12;22,62543316;61,62293687;0,974917805;5,552438364;2010
0;830,4799528;1,517565387;0,643230941;202,5040635;390,4433885;0,773219651;6059,090584;4;24,63856597;92,85221797;30,34178957;15,9611813;2010
0;811,8474958;1,147803462;0,682178883;2565,280992;458,7685634;0,292205989;7485,683164;4;29,72488291;78,3570547;37,49347216;7,125231482;2010
0;731,2741906;2,064754551;0,590517844;272,0444462;200,8556672;0;13087,39241;4;27,77566609;47,99694017;19,49253054;9,001089864;2010
0;760,5505446;1,477990641;0,6777722;1017,703334;2327,7205;0,37875466;2226,78848;4;20,39976748;47,32791191;20,84317931;6,426078912;2010
0;489,8892686;1,847352372;0,495145236;1724,328225;257,9661733;5,752769947;615,8962375;4;23,58920365;91,81215452;35,29976647;10,87488374;2010
0;814,8647313;1,470527267;0,60806555;2549,029574;1194,319698;5,401162307;3231,121814;4;21,35017557;83,94827541;16,75906536;13,54749052;2010
0;660,3467657;12,58724623;0,619042839;2090,547334;144,8381966;3,682275581;4540,570194;4;21,48519105;70,14718014;3,585954445;11,80899998;2010
0;466,4233602;1,85897489;0,500433326;201,5338532;2347,426833;6,131724638;1041,739003;15;25,65567891;83,68357316;11,89073611;11,00588787;2010
0;785,6858015;1,311363183;0,643932211;1826,028697;235,2675819;0,292205989;1351,423954;4;28,68055609;54,59414598;32,40860218;7,727460206;2010
0;742,8174926;1,897693305;0,650064565;1769,46964;560,6458548;6,438739777;1021,338062;4;29,15625018;78,76020526;12,43360923;7,368485723;2010
0;464,4001499;1,28908506;0,432183327;1257,497256;287,2775559;12,19499969;482,5094857;15;20,71167709;66,04234665;19,78259849;15,03493874;2010
0;756,4603387;1,12591564;0,675742701;1189,839696;1170,979273;0,292205989;2438,990932;4;19,92990646;69,25748315;31,35824141;12,91524446;2010
1;448,6556583;1,26671108;0,554594111;6844,516144;1495,302548;7,641960144;1683,566058;4;24,50625;43,66145833;0;10,59927083;2010
1;460,2952269;1,086257382;0,62939238;4728,250675;2607,09681;7,641960144;538,2358805;4;27,25833333;62,51041667;0,572553932;5,428333333;2010
1;456,5343264;1,381896098;0,420332665;4578,364991;742,0356728;12,19499969;2381,596988;4;24,7859375;43,40104167;0;12,03411458;2010
1;447,3533659;0,704822196;0,59255757;6411,6554;1004,873285;7,641960144;1716,983395;4;25,72604167;41,94270833;0;11,45854167;2010
1;449,0604992;0,689619225;0,426617371;5538,077471;182,3603943;9,966575408;2690,427599;4;27,084375;39,515625;1,18E-04;9,808958333;2010
1;451,5622203;0,901694954;0,410332356;6363,337028;810,9932208;7,641960144;2366,045566;4;24,7859375;43,40104167;0;12,03411458;2010
1;447,211213;0,498159097;0,603729643;5606,061987;284,4825259;8,108104669;1501,698298;4;24,50625;43,66145833;0;10,59927083;2010
1;452,6338162;1,225427467;0,425390692;4759,533227;738,0335753;12,19499969;3134,325335;4;27,084375;39,515625;1,18E-04;9,808958333;2010
1;449,6232535;0,718635092;0,375455444;5467,208592;143,9006437;10,64681372;3048,874046;4;25,72604167;41,94270833;0;11,45854167;2010
1;458,1315884;1,041971679;0,36784292;4142,663101;785,8745332;12,19499969;1861,338226;4;24,50625;43,66145833;0;10,59927083;2010
1;451,1209993;0,635184409;0,438599561;5927,31768;246,4980841;7,661929616;2656,093459;3;24,7859375;43,40104167;0;12,03411458;2010
1;449,8303407;1,035257871;0,489420056;5310,742449;238,3227422;11,71940364;2244,865615;4;24,50625;43,66145833;0;10,59927083;2010
1;447,0343596;0,636791615;0,571774163;5902,891669;318,7002929;7,663745022;2187,591973;4;24,7859375;43,40104167;0;12,03411458;2010
0;796,2769185;665,1290867;0,603833306;1509,392843;665,1290867;2,86985548;4653,429644;4;22,80171705;66,20673052;16,2467668;10,7539219;2011
0;745,6216431;237,3583613;0,514376185;206,7495347;237,3583613;5,852953739;417,2581125;4;22,54339577;59,65318411;41,19523336;16,82205185;2011
0;785,4008545;2284,060181;0,668115471;3519,721061;2284,060181;1,010669947;4620,78406;4;21,42060737;36,15718365;38,01810158;14,85797576;2011
0;761,1425983;407,9163071;0,652244023;408,1588005;407,9163071;0;13349,01073;4;20,22475609;92,73271755;45,17853024;3,732532061;2011
0;776,7446456;140,9041013;0,641016649;2577,461444;140,9041013;0,292205989;2572,83431;4;23,21643632;80,62196257;49,33648073;13,37819289;2011
0;817,7417139;373,4834801;0,663017839;1928,576556;373,4834801;0,59740606;7901,624262;4;27,62807696;45,35686976;4,142347473;7,413581133;2011
0;753,8375411;611,8536968;0,592611106;791,7274645;611,8536968;0,292205989;3950,586813;4;27,99672753;85,50234985;43,03961239;14,30639659;2011
1;738,9352148;3,324766637;0,388784624;1221,294199;216,6341479;5,489038565;1244,154344;4;23,35104167;47,359375;0;11,50760417;2011
1;751,898791;2,355489491;0,404771915;1135,940843;2795,558944;1,961470008;3320,876449;4;28,18958333;36,50520833;0,005136749;9,912291667;2011
1;751,508425;2,479478922;0,584898357;2321,910658;1615,984292;1,010669947;2502,143521;4;24,4359375;66,88020833;0,199528682;11,6746875;2011
1;767,8446965;1,568138444;0,55350791;450,1260944;2641,57149;9,705200585;3341,350041;4;28,18958333;36,50520833;0,005136749;9,912291667;2011
1;750,1808311;3,354373583;0,374317462;1801,335145;209,053029;5,438560009;1566,946077;4;23,35104167;47,359375;0;11,50760417;2011
1;774,8735795;2,744951133;0,473806257;2025,686835;255,1129013;5,438560009;1717,440617;4;23,35104167;47,359375;0;11,50760417;2011
1;799,7476508;2,172253155;0,608511412;1736,8936;880,5927916;5,438560009;2224,140199;4;23,98802083;78,96354167;3,846240725;6,10828125;2011
0;782,7050537;4,117913374;0,588045537;460,2934461;788,4575872;5,438560009;1290,460212;4;20,5841229;80,36714716;28,79519081;9,376241637;2012
0;786,7825105;2,200172239;0,562961102;1576,441909;951,1607884;0;8391,698585;4;29,00164861;46,97683011;34,62338;12,98513668;2012
0;739,0652473;1,112022115;0,403551948;1474,82823;1535,582047;5,752769947;1308,520059;15;23,61798412;89,14018988;27,87163854;12,48096073;2012
0;661,7418117;6,338634939;0,521856241;201,3511594;164,5314547;1,010669947;2862,358793;4;25,33111156;82,89806733;5,283968809;11,41531675;2012
0;775,4033526;2,116815855;0,511478104;216,169759;2465,375929;1,314780842;2402,528637;4;21,98375661;85,77897104;6,627150637;9,072801938;2012
0;813,224451;1,37644651;0,648551183;1820,470048;1571,597051;0,0123088;12446,4067;4;26,23102275;48,38061175;25,95770292;16,28660844;2012
0;699,0124281;1,167966788;0,558071867;309,5832998;201,1060255;2,764811688;403,5593338;4;25,26127242;61,94087667;24,43942915;5,680019036;2012
0;830,6559768;0,70588936;0,636257272;626,2921009;2269,20466;0,0123088;8072,052325;4;24,47400402;86,612878;21,06417414;12,2611223;2012
0;766,8246755;3,584493355;0,513799985;448,2082127;1157,390777;6,438739777;1493,351239;4;22,87396772;72,15845086;23,67380237;12,3186551;2012
0;749,4808074;2,475417802;0,609287763;287,2978831;237,8986096;0;13420,04528;4;24,55824185;89,16688443;31,63438076;5,197797663;2012
0;784,8588283;1,816318442;0,541094031;193,1110499;214,2440314;2,584564558;3778,044333;4;27,83525609;67,87546751;4,405521042;10,94152296;2012
0;804,8426214;1,576507123;0,613718867;205,012081;524,5498279;0,292205989;6980,448188;4;27,71144264;42,49772741;8,169557717;11,50241426;2012
0;743,537278;1,893141799;0,607348871;1811,368379;588,9360414;6,438739777;1062,60461;4;25,84451826;89,94716378;31,60634645;6,666221587;2012
0;483,9629671;2,127369546;0,405711452;1828,729173;1579,386505;7,641960144;1825,647572;15;23,53234565;74,07452777;8,261496959;5,459371228;2012
0;819,0127041;0,698706525;0,665588081;1666,802729;2995,533703;0,292205989;10724,54449;4;21,28634281;66,66416869;9,860629381;17,03429894;2012
0;456,5514663;1,147965923;0,43328555;860,8786477;240,1324478;8,097800382;735,7816929;15;27,58599861;34,24804488;17,1148558;8,033912615;2012
0;765,7061179;2,092007449;0,575810692;2107,130199;220,8985285;6,438739777;1181,560418;4;22,17970221;38,83307025;0,322586079;12,28813663;2012
0;731,7443513;2,163357029;0,570268728;206,761981;275,0550379;0;12933,16248;4;20,2939279;91,23616491;17,33711516;7,256818997;2012
0;777,4353238;1,899935131;0,649869982;1959,776419;3060,350582;0;9841,768823;4;26,80340431;47,70852952;9,940737394;4,628803493;2012
0;775,5978576;1,289401641;0,5774011;2069,058949;1571,081638;1,010669947;4288,281945;4;25,41545152;86,99965162;33,93670594;5,892972169;2012
0;809,2166781;1,28619144;0,634565536;4361,854526;947,3250317;0,0123088;10610,34452;4;23,29086677;42,6177265;27,08176101;9,193504596;2012
0;778,4912154;1,58859849;0,64763093;929,1765815;559,2044745;0;11041,18569;4;23,08597369;42,13843684;28,07550183;16,12442224;2012
0;484,7660526;3,360473802;0,47684165;362,6356906;302,6946173;165,5412508;341,2490842;4;30,52138518;63,98674339;12,06165145;16,29838795;2012
1;741,6197837;1,750579224;0,496780733;1091,235948;1762,550232;0;3947,454222;4;25,52760417;53,203125;0;17,44963542;2012
1;453,2800914;1,983442322;0,734042506;5388,424546;1716,72935;7,641960144;394,9168713;4;26,39739583;65,203125;2,646585762;5,349322917;2012
1;753,0150391;2,375761684;0,387160588;756,9609859;1168,479298;6,438739777;443,3641426;4;27,81875;35,78125;0;11,2484375;2012
1;753,325612;2,663518517;0,42784392;1935,723993;1258,722461;6,438739777;1137,873608;4;28,78229167;31,34895833;0;11,62609375;2012
1;716,081831;1,555354409;0,408139741;3927,82675;244,2179208;0;3167,542173;4;26,74427083;53,05208333;0,213511501;12,25166667;2012
1;717,1381974;1,518194116;0,392055189;2323,71239;136,9011153;0;5999,450161;4;25,13333333;53,33333333;0;12,9725;2012
1;714,7630519;1,302745538;0,325262515;3141,599138;184,9745201;0;3594,493725;4;25,52760417;53,203125;0;17,44963542;2012
1;705,0909898;1,449366674;0,487432708;316,6408913;182,618166;1,961470008;436,4836542;4;27,56770833;44,984375;0;8,0109375;2012
1;714,4494986;1,428045259;0,367008541;2695,914648;217,3416617;0;4108,911215;4;25,13333333;53,33333333;0;12,9725;2012
1;712,6027444;1,198039133;0,38638392;3812,408126;188,128231;0;2120,017936;4;26,74427083;53,05208333;0,213511501;12,25166667;2012
1;723,5209779;1,310585338;0,465904805;2026,021285;721,3140613;0;4137,698935;4;25,13333333;53,33333333;0;12,9725;2012
1;727,8313127;1,374681525;0,429631186;2743,607705;658,5623567;0;3009,449599;4;25,52760417;53,203125;0;17,44963542;2012
1;447,8623212;1,093797323;0,542265533;6392,130641;1237,020371;7,641960144;1433,47613;4;26,39739583;65,203125;2,646585762;5,349322917;2012
1;768,9027648;2,363159444;0,397568198;720,6512237;660,1052934;6,438739777;911,478676;4;27,81875;35,78125;0;11,2484375;2012
1;722,4928655;1,159102751;0,442551817;2733,695275;901,526798;0;766,1431213;4;26,74427083;53,05208333;0,213511501;12,25166667;2012
1;764,6298967;2,07040058;0,37517796;677,2424967;930,2533234;6,438739777;1153,229701;4;30,27395833;36,8125;0;12,75791667;2012
1;728,2576665;2,061060358;0,458549824;317,2231467;241,7109704;6,438739777;479,9192483;4;30,27395833;36,8125;0;12,75791667;2012
1;714,8028372;1,728115098;0,521909739;3610,055727;147,8194397;3,150547254;1095,700733;4;26,74427083;53,05208333;0,213511501;12,25166667;2012
1;731,8749741;1,915374713;0,396389282;2773,682903;1042,775873;0;1921,437832;4;26,74427083;53,05208333;0,213511501;12,25166667;2012
1;728,716624;1,598318283;0,46334456;2561,425885;1233,411365;0;1377,888727;4;26,74427083;53,05208333;0,213511501;12,25166667;2012
1;717,3781782;1,434939085;0,417522604;2219,934271;347,8458785;0;5052,108385;4;25,13333333;53,33333333;0;12,9725;2012
1;793,5394681;3,08420509;0,744440284;1573,361423;644,5959935;5,438560009;2011,335677;4;25,25625;64,74479167;0,069733751;7,122916667;2012
1;733,1612063;2,138473497;0,473080992;915,7901314;207,7010533;6,438739777;350,880691;4;30,27395833;36,8125;0;12,75791667;2012
0;833,8884575;0,841020539;0,661879152;2581,969195;2436,632108;0,0123088;5657,648683;4;24,89200227;92,85615517;26,69717649;4,84298449;2013
0;720,3878138;1,45652386;0,665557269;1157,310086;333,1222122;1,010669947;4635,055045;4;25,48391286;31,01767683;14,14522677;6,103068308;2013
0;713,0632698;11,93366866;0,612951025;2412,962128;209,6995951;1,11144657;2365,374345;4;28,44149382;63,97794661;8,653313773;15,04332489;2013
0;749,6300501;1,784434498;0,623103321;2963,126306;441,6876575;6,438739777;860,9384895;4;27,6933033;55,75016511;2,627837768;13,06653355;2013
0;481,8830168;1,860570672;0,46862856;1152,449831;257,7785155;5,752769947;427,8158738;15;21,85817089;71,26128803;1,505824638;5,971901066;2013
0;503,9450226;1,154358712;0,519612491;1630,676106;1496,868658;2,478929996;1976,721471;4;22,18657051;80,10657619;9,766117027;10,73559343;2013
0;766,1140858;4,527228315;0,570255536;4200,294767;276,7421486;5,752769947;4337,299825;4;24,76540535;63,25533006;5,918150494;8,005737211;2013
0;818,5222158;0,779714938;0,675423318;1327,540159;2680,681062;0,324493576;11997,28544;4;26,92561179;81,11321131;18,81572557;14,84107752;2013
0;735,6405731;1,223865009;0,491132214;331,3322856;1960,206967;0,292205989;3236,232464;4;23,11586211;31,26616379;0,548277652;13,66902237;2013
0;721,4651475;1,179276436;0,610866644;3945,879514;1055,017764;0;4096,946752;4;29,56526767;43,90801664;25,50605386;5,880544447;2013
0;785,1988134;1,771380622;0,63088998;3248,466241;2085,148486;6,438739777;3367,368741;4;24,35813742;52,9329488;19,30755719;14,42236434;2013
0;759,1899445;1,810695581;0,689891653;3204,41542;1912,046838;5,752769947;1679,95061;3;28,34287047;39,19191462;9,647853899;11,48257519;2013
0;796,0825822;1,588948498;0,641637762;2118,185117;2967,818239;0;5607,734405;4;23,50431695;53,93964499;14,2546161;7,018507785;2013
0;748,1368668;2,237158065;0,627491653;167,0957417;466,0548204;0;13562,83821;4;27,26267555;85,38245215;18,57055419;9,182988654;2013
0;728,9324492;2,533210921;0,575883321;310,6409773;1054,363251;5,438560009;979,2172064;4;22,01681475;80,7671539;6,742645834;4,180168698;2013
0;702,61384;1,427252844;0,618396644;240,826627;139,0520801;3,757691857;690,2822715;4;25,9109352;67,29400583;29,43835189;7,673891602;2013
0;765,1584602;2,712441407;0,572621412;813,4539424;632,4225384;5,438560009;592,2733197;4;28,10600266;71,35937307;26,08550694;6,212412009;2013
0;759,6887977;2,96709704;0,533082277;818,1779457;1014,681752;5,752769947;567,7777652;4;27,77940583;70,09872089;20,26820039;7,12691204;2013
0;782,495557;1,631900465;0,657829736;876,0136321;2156,375692;0;10571,25672;4;20,72802356;32,18799412;28,05719296;12,22224886;2013
0;458,4887913;1,135065809;0,418205537;5279,927148;2892,575638;7,641960144;371,1493973;15;24,69570915;76,44016639;24,04707966;6,240924805;2013
0;760,0179828;3,867076296;0,564521875;939,4708559;226,0218661;5,438560009;731,3838263;4;26,51044093;51,52128176;20,73824397;12,11112896;2013
1;448,6535611;0,686048662;0,598846996;6469,264874;1846,798818;7,641960144;1024,229401;4;26,93333333;66,15104167;1,295336285;6,586927083;2013
1;698,6300261;1,151932504;0,462030047;278,794753;209,3680848;2,724634128;401,1228639;4;25,80416667;53,11458333;0;11,61822917;2013
1;721,5441728;2,262885708;0,467485731;173,0183478;733,6713958;1,961470008;423,0325239;4;25,80416667;53,11458333;0;11,61822917;2013
1;702,4079218;1,561104383;0,506195662;265,594213;481,1727676;5,039081908;342,4387288;4;26,50572917;44,96354167;0;11,84078125;2013
1;716,5856673;2,134263773;0,498055334;390,4364048;630,7032288;1,961470008;827,6184265;4;26,48697917;49,39583333;0;11,49015625;2013
1;703,4208723;1,191455767;0,583784906;223,7139038;146,3996822;4,983422049;689,4307001;4;25,80416667;53,11458333;0;11,61822917;2013
1;460,7393667;0,843382895;0,822654363;602,0487532;203,9897068;7,641960144;516,2067597;15;26,853125;65,671875;1,131676749;5,074427083;2013
1;724,9643257;2,608670621;0,456749354;373,5646028;688,5789925;1,961470008;336,0016262;4;25,80416667;53,11458333;0;11,61822917;2013
1;702,1265511;1,163786346;0,411743727;350,2552135;150,1294667;4,410550791;327,712104;4;25,80416667;53,11458333;0;11,61822917;2013
1;699,6085078;1,313621446;0,428940717;339,6272766;133,2794558;2,335587286;366,6409133;4;25,80416667;53,11458333;0;11,61822917;2013
1;698,9341994;1,17284807;0,478137143;522,268992;576,2734333;5,381791193;245,1483781;4;26,63645833;49,20833333;0;9,717135417;2013
1;701,1334729;1,356839356;0,46276413;271,4802685;724,5916816;5,438560009;338,9673496;4;25,80416667;53,11458333;0;11,61822917;2013
1;703,9640142;2,054202918;0,417055303;144,9425809;212,2183507;1,961470008;225,4988006;4;26,63645833;49,20833333;0;9,717135417;2013
1;724,1457817;2,283702143;0,484831331;610,9760417;847,8676697;1,961470008;775,6572158;4;25,80416667;53,11458333;0;11,61822917;2013
1;710,55721;1,947105351;0,477847232;210,8164707;644,4013198;1,961470008;324,9070467;4;26,63645833;49,20833333;0;9,717135417;2013
1;705,4322024;1,774288531;0,442425424;79,83070994;255,2119365;1,961470008;279,900596;4;26,50572917;44,96354167;0;11,84078125;2013
1;731,1657675;2,927526308;0,504000546;829,7594488;1127,710287;1,961470008;896,2292442;4;26,50572917;44,96354167;0;11,84078125;2013
1;704,0701075;2,26130079;0,453831818;188,1967548;161,171993;1,961470008;400,2757419;4;26,63645833;49,20833333;0;9,717135417;2013
1;698,988274;1,393002334;0,434729353;399,7111955;118,9951825;2,255552247;206,0731276;4;25,80416667;53,11458333;0;11,61822917;2013
1;711,9510062;2,73952978;0,496514286;278,8105839;411,5327628;1,961470008;577,2485439;4;28,39114583;44,08854167;0,005819927;7,67375;2013
1;702,8870239;0,103186779;0,4609;366,0619812;121,5991669;1,961470008;438,4320374;4;25,80416667;53,11458333;0;11,61822917;2013
0;770,7819622;2,333192683;0,563390613;1442,30566;767,3670535;0;7046,096163;4;26,6780953;28,62867052;14,14815621;4,508994845;2014
0;728,1635534;2,07295067;0,639363093;1627,633734;129,6830052;0,0123088;11416,74087;4;23,17678415;41,89089966;0,678469757;16,3589161;2014
0;733,9102216;6,414242061;0,590609508;2655,072304;408,8121971;5,752769947;3959,508701;4;23,04501257;77,75541638;13,3922096;10,74084945;2014
0;796,8488801;1,838206887;0,5989411;4367,915318;1161,706155;0,0123088;8344,077668;4;22,37982457;28,49899184;20,42783639;16,68783449;2014
0;735,6847424;1,626856609;0,512923324;4036,571368;213,4013139;0;7731,98059;4;30,29163665;28,79650519;8,5100201;7,868058825;2014
0;767,5804808;1,871760707;0,595341102;1185,700726;1603,559309;0,292205989;1292,445935;4;23,0392721;85,09913849;23,6164127;6,368731059;2014
1;735,7443257;2,317834739;0,271112998;369,3933328;358,316993;5,752769947;513,3860597;15;28,02395833;33,66145833;8,33E-14;8,47484375;2014
1;737,0359214;2,611579123;0,536530292;3800,022816;203,3296691;3,577077654;3748,068799;4;26,61145833;36,69791667;8,33E-14;9,23125;2014
1;715,3950434;3,354373732;0,247049784;188,9061961;232,8343682;5,752769947;378,5026885;15;29,77447917;33,45833333;0,10589582;10,188125;2014
1;737,2686159;2,282391947;0,510490141;3556,212406;294,8926084;0;5016,50747;4;26,61145833;36,69791667;8,33E-14;9,23125;2014
1;773,5364899;3,987803518;0,494524765;1012,165675;863,228629;5,438560009;355,958674;4;28,02395833;33,66145833;8,33E-14;8,47484375;2014
1;700,9046321;3,015762803;0,302260142;187,8828381;207,290901;5,50859029;386,0113025;4;29,77447917;33,45833333;0,10589582;10,188125;2014
0;736,0953371;2,456571317;0,624223316;1036,136746;647,3068335;1,961470008;718,4269656;4;22,61408616;60,81572536;26,82716733;7,412384206;2015
0;792,2824664;0,826279468;0,634094444;2953,186491;1967,378824;1,010669947;5505,603466;3;30,855074;63,73420296;1,846927723;9,947122073;2015
0;796,8264765;1,739046763;0,550861887;1173,461991;1252,412501;0,292205989;3948,945917;4;29,62273626;85,33543443;26,36522488;14,23461139;2015
0;717,9352292;1,844675439;0,586572897;373,9946392;1095,483091;13,75712509;761,1570945;4;25,18391202;32,55310606;27,41018349;15,98740693;2015
0;458,6798987;1,259705358;0,382796659;687,3284033;254,1331957;8,17287995;381,9503677;15;29,61812055;37,83053984;5,220700511;10,08724227;2015
0;731,5560245;4,332826806;0,668423512;2495,018564;347,0108997;1,010669947;1987,798862;3;25,01571516;65,27998112;1,956207195;10,32957359;2015
0;466,0703063;1,909035572;0,325201102;2161,887336;703,5233767;7,641960144;423,2213391;15;32,28733966;32,97328817;20,45673508;14,69637251;2015
0;757,3016659;2,560896797;0,562720824;3082,015349;1021,111023;0;2452,105159;4;22,01574458;66,82681337;15,28252094;8,343290728;2015
0;457,4712752;0,998474462;0,31288571;2336,086702;1824,468319;2,478929996;333,6273818;15;30,53295464;73,91522184;27,2201191;9,901440495;2015
0;816,8266047;1,338706559;0,612386443;840,6695634;695,8958775;0,292205989;7067,380769;4;25,10398866;82,72517985;11,88724514;6,452677243;2015
0;795,7248634;2,040538095;0,558170822;201,6403933;1849,07798;0,008750332;8428,354916;4;29,42618167;67,62579785;1,905832524;14,87348267;2015
0;770,0374298;2,161537989;0,548812215;3969,650453;2162,595931;0;2887,515962;4;28,1078663;64,54001843;10,36162623;14,77976406;2015
0;812,1246644;0,803924753;0,59115665;4431,012511;1215,592556;0,753138531;8284,105735;4;25,67231514;83,74395326;18,06587294;9,410925229;2015
0;781,9906207;2,027932477;0,599274425;206,7914208;605,4193792;0;13427,07039;4;25,62281366;76,2677177;1,580403834;12,71250649;2015
0;816,2175217;1,06382629;0,632509517;4575,577641;1025,307573;0,292205989;2423,639844;4;27,86726084;60,83418024;5,890998751;15,01237779;2015
0;801,2164481;1,637401302;0,586925534;1022,816887;1291,440337;0,343980659;10055,5238;4;23,06047177;44,54008419;10,80740355;11,14354923;2015
0;798,1363443;1,489779599;0,566639569;697,7309915;1673,796234;0;4970,209372;4;24,3186799;44,85699662;25,04986327;5,146559867;2015
0;735,2922922;1,6115738;0,623651262;349,93014;413,8491763;0,292205989;4518,612496;4;24,11437563;84,21530741;3,100043096;6,622577934;2015
0;769,0058176;2,223120928;0,576809792;5152,060071;677,113598;0;6790,811049;4;31,74954915;55,73166401;16,92627405;13,63632091;2015
0;816,6788178;1,461145649;0,634834425;1526,215917;1375,333185;0,0123088;9727,808101;4;27,90759822;74,20511152;6,640028173;4,18334483;2015
0;786,8733218;1,38731542;0,584799983;999,3394726;1462,363692;0,29648677;2929,730612;4;31,90328057;76,90109539;7,484002528;4,221149277;2015
0;457,45169;0,972468956;0,294314433;2114,24469;1221,299859;12,19499969;559,2974994;15;23,82736311;60,49912925;7,830612454;5,966891582;2015
0;721,4540087;1,492196408;0,680511883;2038,861888;227,6935435;0,003558468;10046,45985;4;21,62592095;66,66709939;28,45573896;11,90556216;2015
1;703,7486746;1,817129314;0,48754061;261,3648315;210,4597529;2,165524585;335,9365993;4;28,77239583;41,91666667;0;6,936354167;2015
1;734,6617628;2,74517083;0,460580283;653,6578949;1654,415881;5,438560009;1383,958959;4;28,96979167;31,859375;0;13,91369792;2015
1;704,3847057;1,164223416;0,590456066;215,3328757;170,5833728;5,176447217;666,4537757;4;27,20208333;64,22395833;1,673484687;7,96546875;2015
1;796,6596299;1,513449323;0,403430094;2231,846475;1373,868997;6,438739777;3477,998721;4;27,88645833;33,15104167;0;12,87588542;2015
1;751,9047691;1,99219189;0,425457882;200,1476988;2853,833531;6,097144895;2303,671864;4;29,50572917;43,08854167;0;11,28375;2015
1;700,7518508;2,220692568;0,441471513;219,8117339;275,5294134;6,302474323;340,6184518;4;28,96979167;31,859375;0;13,91369792;2015
1;724,5176993;4,236338231;0,530118868;170,625817;466,784292;16,50616937;503,6299506;4;28,96979167;31,859375;0;13,91369792;2015
1;450,3213974;0,924781181;0,32942766;6121,571101;567,034995;7,717305952;2573,278505;4;25,7203125;72,328125;2,972737296;9,303958333;2015
1;712,7916237;1,242062726;0,660814186;385,7302201;550,7117159;5,438560009;513,8816204;4;27,75989583;49,26041667;0;7,723020833;2015
1;717,7115173;2,649596264;0,515288416;251,6187608;407,2301229;1,961470008;347,2700962;4;29,30104167;43,921875;0,001189641;9,218072917;2015
1;704,0732986;1,664529396;0,431207444;260,9624457;159,5841496;2,64516748;316,0961768;4;28,77239583;41,91666667;0;6,936354167;2015
1;704,2384682;1,618096276;0,601091827;278,1956755;214,2027514;3,110748554;683,9830564;4;27,20208333;64,22395833;1,673484687;7,96546875;2015
1;710,9030226;1,730206814;0,653623791;286,0997073;328,0039561;5,438560009;817,9183373;4;27,75989583;49,26041667;0;7,723020833;2015
1;447,8560662;0,670090772;0,362854265;5231,581818;284,9284393;8,030371101;1119,6511;4;25,7203125;72,328125;2,972737296;9,303958333;2015
1;708,1850878;1,760213386;0,528523481;227,8160505;132,5466147;2,422520616;473,618843;4;27,20208333;64,22395833;1,673484687;7,96546875;2015
1;453,1182123;1,376331677;0,270903892;5835,723354;2348,467409;7,641960144;619,1007402;4;29,64427083;33;8,33E-14;8,527291667;2015
1;746,6278023;2,705142323;0,473551234;1421,703314;2019,49795;5,438560009;1556,94481;4;28,96979167;31,859375;0;13,91369792;2015
1;777,6041497;1,577525423;0,400300587;2760,039406;780,5262089;6,438739777;2300,882952;4;27,88645833;33,15104167;0;12,87588542;2015
1;704,5999062;1,19680114;0,581029097;256,0063919;208,6436209;5,438560009;351,1831667;4;27,75989583;49,26041667;0;7,723020833;2015
1;700,6430541;1,161854587;0,399645126;286,4548858;101,05544;2,563998239;280,1889427;3;28,77239583;41,91666667;0;6,936354167;2015
1;704,5651213;2,042146589;0,505489046;247,4903218;272,1240604;9,48781804;367,3247673;4;28,96979167;31,859375;0;13,91369792;2015
1;450,7043113;1,144336433;0,327044986;6209,685528;1880,058356;7,641960144;938,4891089;4;29,73125;30,72916667;8,33E-14;12,25145833;2015
1;454,5969959;1,35364379;0,396383438;6158,244781;1772,114669;7,641960144;1055,360348;4;28,09947917;34,80208333;0;12,27765625;2015
0;739,2977257;1,195510653;0,580918733;919,9966268;303,8457209;0,292205989;2288,409039;4;25,60536595;71,00505729;68,63176735;15,28138322;2016
0;742,8921219;1,166171482;0,594239193;148,2320784;1130,533234;0,292205989;1670,969605;4;26,78948533;75,07437343;83,43589707;3,831750561;2016
0;708,1185699;1,738879958;0,525458872;134,5079169;687,188908;2,060642947;382,1475639;4;23,64361707;79,43064544;60,94283431;7,640916898;2016
0;748,2999894;1,605911072;0,588897603;315,1646793;1566,158365;0;10668,60739;4;26,70626856;66,68277917;51,65081001;15,21518678;2016
0;768,2581784;1,886938397;0,589080938;379,2423791;1167,475369;1,010669947;5704,696856;4;25,4553759;66,89380736;74,44094417;4,221654266;2016
0;770,6764594;1,152591434;0,603823324;1579,911265;2204,278911;0,292205989;2116,452989;4;21,84856335;72,51534907;65,72845124;13,492946;2016
0;489,3064514;2,428107059;0,4446052;753,4677701;629,0817339;7,641960144;1783,683341;4;26,81772013;69,93358946;20,22176707;15,33310636;2016
0;778,647821;4,148112244;0,56713124;465,6997169;626,2871547;5,438560009;1141,729036;4;24,63022431;74,48237553;44,89979022;3,479789789;2016
0;818,8393579;0,717162223;0,635013082;1747,783812;2782,478083;0,292205989;10967,44643;4;28,00809956;40,39421599;14,56639789;7,392126332;2016
0;718,1587217;1,063442997;0,53198749;3159,109168;510,5742686;0;4947,452859;4;28,64230996;81,47383006;30,10492329;8,800219435;2016
0;701,4917477;1,163933515;0,539586445;410,3723582;200,6019842;4,052615577;612,1008701;4;28,35811289;50,14000304;54,63377851;3,49589454;2016
0;772,0944188;1,802482961;0,494462488;2023,262723;3621,126703;5,752769947;1922,124572;4;21,76546255;66,17168418;64,77111312;15,55206252;2016
0;721,343193;3,151519284;0,437864431;288,4387446;610,8771209;5,438560009;698,3987565;4;29,14683182;54,2621729;56,17888483;8,031738601;2016
0;817,7616091;0,791020241;0,631032036;6637,724725;2331,574647;0,292205989;5978,478673;4;25,9815622;64,59148032;26,33105222;10,05453832;2016
0;821,7795574;0,821281728;0,590154746;2885,438709;1920,608564;0,0123088;13126,8677;4;26,90511454;90,4961016;80,649426;12,95660123;2016
1;718,305622;1,752571186;0,58904763;3264,624086;538,948004;0;1616,701669;4;28,31041667;38,515625;0;13,62083333;2016
1;718,1373795;1,419732414;0,651768713;4282,000991;1029,365736;0;3190,916995;4;28,3453125;37,20833333;0;13,56817708;2016
1;714,6687468;1,849106442;0,621585799;3580,630618;168,0047868;2,872668516;943,4806649;4;28,31041667;38,515625;0;13,62083333;2016
1;725,2291171;1,304291772;0,582745573;2657,518384;575,7657304;1,195629954;1224,178849;4;28,3453125;37,20833333;0;13,56817708;2016
1;713,445616;1,506593792;0,689746879;3614,520632;168,615681;1,706379799;1944,201493;3;28,3453125;37,20833333;0;13,56817708;2016
1;723,6853615;2,082736417;0,635236785;2992,818426;494,9219438;0,22888874;374,2657812;4;28,31041667;38,515625;0;13,62083333;2016
1;712,4235688;1,158486743;0,494115354;3532,916218;294,4674891;0;1285,727353;4;28,31041667;38,515625;0;13,62083333;2016
1;729,5163496;1,320078273;0,649309859;3504,687416;265,4153528;1,30E-04;8227,941362;4;27,5671875;56,61458333;0,023768742;6,764114583;2016
1;776,0384746;1,829933384;0,431319789;1883,398802;706,7883382;6,438739777;832,840766;4;26,89427083;51,02083333;0,08739472;16,40854167;2016
1;718,7418967;1,534659685;0,560532824;2583,684796;224,861023;0;8194,251909;4;27,5671875;56,61458333;0,023768742;6,764114583;2016
1;769,2825081;1,405921409;0,360724764;1212,698007;1063,830619;1,961470008;3150,607864;4;26,58958333;59,95833333;0,181239267;8,22453125;2016
1;719,8638232;1,268878799;0,629248467;2472,842562;165,9055248;0,001698266;9114,835939;4;27,5671875;56,61458333;0,023768742;6,764114583;2016
1;732,0717822;1,674147703;0,613205622;2615,984319;1182,155298;0;1462,95374;4;28,3453125;37,20833333;0;13,56817708;2016
1;717,1294212;1,291134832;0,689618182;3103,325661;707,7901212;0;864,7954113;4;28,3453125;37,20833333;0;13,56817708;2016
1;712,2821172;1,288445516;0,508419497;3901,138618;158,8532418;0;2120,982357;4;28,31041667;38,515625;0;13,62083333;2016
0;790,1141294;1,303728721;0,507093324;258,1132068;1474,6081;0,292205989;732,9252076;4;20,66694371;69,03958207;13,97442149;10,57258394;2017
0;829,5850291;0,763934194;0,566216648;232,7440896;1737,456465;2,032125379;5145,28705;4;23,98209601;67,50437797;28,53631201;8,792085066;2017
0;808,9356104;1,696946296;0,571483318;2020,151555;892,0863115;0,0123088;11700,17265;4;20,13660618;73,05711495;1,403216397;14,23409822;2017
0;807,4056882;1,985663932;0,521872206;215,8320129;1166,499327;3,97650047;2661,535485;4;22,45046344;71,82326188;25,63287949;9,124816407;2017
0;816,9055029;1,800379313;0,53841769;263,491815;1756,23027;0;3813,982346;4;26,11673108;87,14672441;23,96785743;8,581432588;2017
0;775,9445147;2,155281547;0,542674984;936,5329042;856,2173925;0;7519,465403;4;29,28887393;86,03659581;1,852118315;6,44121543;2017
0;776,8375797;2,035670163;0,550622533;234,8207533;1277,026096;0,292205989;3460,607392;4;24,22753047;87,91816694;14,62860295;4,162887012;2017
0;690,1173014;3,553426974;0,446585711;192,9674192;158,0749742;1,241032624;610,6435775;15;24,49510123;53,64000135;16,44364849;15,23862053;2017
0;742,2285341;1,312646993;0,682247605;3397,755295;785,8013181;0,0123088;6534,580242;4;25,34159235;47,90872013;26,25779234;14,41367603;2017
1;710,1200008;2,045188243;0,648581925;270,2296354;302,1268256;4,891693741;388,7261839;4;27,46666667;51,46875;0;10,18416667;2017
1;703,8694905;1,649789344;0,494900471;252,3406659;213,213353;3,033231867;699,8871944;4;25,86927083;64,14583333;0,386826932;9,222395833;2017
1;702,4727523;1,179964566;0,645467557;229,4673165;134,4586749;4,305836431;605,4651203;4;25,95885417;65,296875;0,615332293;10,07;2017
1;702,0099528;1,119615023;0,622627454;307,6485851;393,5277797;4,714550553;393,7542496;4;25,265625;66,41145833;0,494048679;11,77192708;2017
1;711,0071828;2,23556132;0,644642484;207,9424153;180,1540606;1,961470008;360,8163998;4;25,265625;66,41145833;0,494048679;11,77192708;2017
1;706,7235618;1,608166049;0,521099057;257,5712779;187,9420736;1,961470008;381,8404871;4;25,95885417;65,296875;0,615332293;10,07;2017
1;706,6045093;1,818847819;0,472935913;367,5708546;373,9521469;5,034873089;614,2925545;15;25,95885417;65,296875;0,615332293;10,07;2017
1;709,1665424;1,836450346;0,510521344;208,5145374;758,0549707;5,438560009;406,912492;4;25,95885417;65,296875;0,615332293;10,07;2017
1;705,822899;1,645324674;0,422478466;313,7750096;238,6779329;3,335894964;598,7411251;4;25,95885417;65,296875;0,615332293;10,07;2017
0;745,1051345;2,908397222;0,573492702;251,1378201;623,6511898;2,317002441;1348,256554;4;25,95757875;69,95894674;8,168356345;13,52814802;2019
0;754,4727384;2,093381171;0,619385698;1006,092837;925,246978;0,0123088;11888,53038;4;22,28931344;44,54696908;21,58125094;4,91125586;2019
0;779,6494205;3,517978439;0,545619024;929,1845024;360,7668065;1,195629954;4095,794633;4;21,41465256;59,80040279;39,4122592;12,60041182;2019
0;484,612738;1,072538437;0,416370815;1483,349931;1725,189912;5,752769947;1010,470294;15;25,46273662;78,14419874;30,44074657;13,270663;2019
0;747,3946954;1,491104664;0,674174432;3475,77478;1096,083587;0,0123088;9185,26027;4;24,81501023;47,80139705;3,184012396;3,657335744;2019
0;737,5340096;1,551222472;0,549560413;1867,821832;1297,839712;1,195629954;2108,998352;4;22,23509286;33,83048066;41,28343801;13,93966596;2019
1;717,7036605;1,062452148;0,647751761;2750,346558;217,9655119;0;6307,119945;4;27,80208333;49,78125;1,28E-04;11,04229167;2019
1;726,3947238;1,794766789;0,67194086;1869,040869;291,962169;0;6167,211941;4;27,80208333;49,78125;1,28E-04;11,04229167;2019
1;717,8369115;1,509943243;0,594647232;3173,558117;552,5250365;0;800,1726869;4;29,1609375;32,56770833;1,67E-13;9,424583333;2019
1;715,7049351;1,425536351;0,557253438;2451,557583;109,361846;0;5627,380164;4;27,48333333;51,171875;0,026211837;7,6253125;2019
1;720,0529146;1,837191216;0,551518085;3463,90826;268,4756519;5,647216211;1282,391135;4;29,1609375;32,56770833;1,67E-13;9,424583333;2019
1;713,1797632;1,448606504;0,607980399;3547,280161;207,9562644;1,277167866;2130,401671;4;29,1609375;32,56770833;1,67E-13;9,424583333;2019
