"","HAS_FIRE","Elevation","Slope","NDVI","Road","Hydrography","Pop_dens","Ocupations","LULC","Temperature","RH","Wind Speed","Prob_fogo","HasFire_Predict"
"1","not-burned",677.8219548,1.522939368,0.509883318,13673.71652,273.9121146,2.507019997,535.2159061,"4",29.07964984,54.98008236,14.23675685,0.437690807854338,"1"
"2","not-burned",718.0296793,1.197509359,0.52907819,1416.048386,162.9209702,0.672481,2642.55784,"4",25.29100564,92.0724348,12.47997537,0.0442464781296169,"1"
"3","not-burned",732.6381541,2.481048731,0.534255548,10679.97572,241.1579031,0.48012501,1627.735351,"4",29.0798204,51.97540939,6.969567411,0.337162026578023,"1"
"4","not-burned",732.3137148,2.232790261,0.463694781,12602.71852,875.6495068,2.507019997,2149.284479,"4",27.90004853,88.29897223,8.685840654,0.137632278503439,"1"
"5","not-burned",771.4346559,1.388626773,0.538457765,4656.736913,3283.579032,2.220340014,4763.325774,"4",28.94928868,36.59373292,13.21294094,0.4641449334058,"1"
"6","not-burned",823.6580544,0.967651685,0.354311103,2601.310245,1413.944774,0.895577013,8290.49811,"4",23.24112733,80.82703784,15.59361119,0.651480731110579,"1"
"7","not-burned",791.7652614,1.721519393,0.402252213,3294.322223,3236.306548,0.48012501,3491.396339,"4",28.28503233,61.47871217,10.76817265,0.760629539479102,"1"
"8","not-burned",806.2619497,1.865604091,0.512183324,4137.036102,1791.133583,0.48012501,3665.816248,"4",29.74852448,35.03097344,9.457100219,0.68401916642737,"1"
"9","not-burned",822.9898104,0.813536863,0.451833328,3529.295283,1795.176008,0.802272975,7178.153002,"4",26.66425929,37.42670293,10.35818363,0.833882478388032,"1"
"10","not-burned",765.6291942,4.871848972,0.546409513,181.7202814,222.93214,0.802272975,496.8579756,"4",25.25809995,87.17031453,10.297773,0.0403470441891251,"1"
"11","not-burned",688.4879871,1.686812274,0.557083338,7620.014053,190.5963728,0.48012501,1207.301595,"4",21.14974589,43.41830979,14.3421122,0.407133358649606,"1"
"12","not-burned",684.8247251,1.499449304,0.74017663,1023.949369,435.2811862,2.220340014,396.3660105,"3",25.29391384,67.21103003,9.135465979,0.0533700770184095,"1"
"13","not-burned",810.1593597,1.781048525,0.49493222,309.9170155,771.9538646,0.802272975,5092.464707,"4",23.25144425,34.94417095,10.81242155,0.770161775148586,"1"
"14","not-burned",760.8499952,2.441764473,0.454247773,3205.565099,156.9486932,0.802272975,3401.488326,"4",25.96633554,49.03452376,10.76133448,0.771639504843796,"1"
"15","not-burned",776.6561155,1.757145352,0.552498796,7214.25159,218.4019532,0.802272975,7855.420281,"4",25.19580024,79.00758795,5.449622134,0.0319088771313603,"1"
"16","not-burned",736.0363723,1.296447142,0.396939273,3253.188224,251.111827,1.103440046,2816.27627,"4",20.83696619,64.57339078,13.88548938,0.818288321307105,"1"
"17","not-burned",749.0517931,1.700274852,0.514626658,2086.675497,477.9669322,0.802272975,8103.202155,"4",26.19913771,67.50028379,12.58821249,0.147669533682898,"1"
"18","not-burned",819.0180932,1.028738242,0.422505542,3950.310786,1936.169716,0.802272975,9476.239729,"12",25.17902127,83.80625854,11.9108705,0.0434370401165949,"1"
"19","burned",819.8311449,1.289832244,0.665129543,287.4528295,1031.338566,0.802272975,4021.48242,"4",26.43928571,58.69047619,8.989583333,0.0204843597584044,"1"
"20","burned",817.6991585,2.004671941,0.370704545,369.2584373,1020.927743,0.802272975,3509.017266,"4",22.26488095,50.39880952,14.49553571,0.946677677419539,"1"
"21","burned",711.3482071,2.343538186,0.409213967,9061.652206,1069.148183,0.48012501,1638.556086,"4",24.20238095,73.84821429,8.665684524,0.600678208805241,"1"
"22","burned",735.90895,1.65687943,0.363571948,707.6277556,556.8103694,0.802272975,9681.543256,"4",27.53988095,45.13988095,8.686517857,0.943501352527771,"1"
"23","burned",824.8648323,1.272868621,0.250031808,899.7991232,2354.720681,0.889882401,7061.897987,"4",21.48571429,56.2797619,13.06815476,0.989380988390629,"1"
"24","burned",705.0443018,1.446087557,0.488260094,863.6219777,342.4625926,1.086119405,1444.100473,"15",27.89732143,48.55952381,6.543630952,0.096499074161716,"1"
"25","burned",811.266537,1.052074822,0.203056455,1545.956497,2580.213632,0.895577013,11851.95924,"4",26.53869048,55.00297619,11.80761905,0.993847797418398,"1"
"26","burned",760.2085074,1.424016243,0.390884155,203.864575,1783.661468,1.103440046,3426.890414,"12",26.10982143,62.23511905,9.955565476,0.439937955680897,"1"
"27","burned",619.8971315,1.842922953,0.53387821,11528.42363,287.4140768,2.484396252,882.7146985,"4",25.96130952,45.7172619,14.97303571,0.466888879602343,"1"
"28","burned",727.0890535,1.813589303,0.499767062,8436.239789,1289.536295,0.48012501,1810.181057,"4",24.20238095,73.84821429,8.665684524,0.186034209273431,"1"
"29","burned",689.0987159,0.976507294,0.449153638,9799.127214,508.6277688,0.48012501,3400.449365,"4",26.69553571,53.95833333,15.2072619,0.713196471658718,"1"
"30","burned",721.3900134,1.201432865,0.451354201,186.4042559,583.356466,0.802272975,3686.65521,"4",22.24613095,54.91071429,15.30633929,0.726786173580242,"1"
"31","burned",807.8528406,0.756931913,0.542415986,7759.001377,1763.63356,1.103440046,5326.952065,"41",25.32946429,53.69345238,7.258541667,1.98755939877976e-07,"1"
"32","burned",806.9420753,0.726505288,0.407325913,7362.07881,1681.492766,1.103440046,5633.829437,"4",25.32946429,53.69345238,7.258541667,0.820782187576635,"1"
"33","burned",787.2502176,2.477125444,0.357711645,720.5180214,854.7390541,1.103440046,3731.044391,"4",26.10982143,62.23511905,9.955565476,0.907638155067413,"1"
"34","burned",825.4526212,0.851107316,0.536972727,1744.093547,2285.622325,0.895577013,9167.185118,"4",27.10178571,56.95833333,6.507291667,0.149765268956606,"1"
"35","burned",803.1362363,1.15826545,0.637953873,8374.726513,1209.82293,1.103440046,4783.824415,"3",25.32946429,53.69345238,7.258541667,0.377177600230709,"1"
"36","burned",700.7822478,1.805997649,0.407969601,9349.695359,819.0181844,0.48012501,1838.888032,"4",24.20238095,73.84821429,8.665684524,0.618027590287089,"0"
"37","not-burned",780.8321191,3.312793544,0.443803559,2793.427211,515.3263498,0.802272975,2644.057447,"4",20.06408721,70.44927183,17.44197506,0.485883938777107,"1"
"38","not-burned",838.961249,1.445043653,0.563342216,6116.832282,463.3197555,0.48012501,7868.469876,"4",27.12918828,37.95216983,16.6039478,0.309343904526828,"1"
"39","not-burned",693.41567,2.203409529,0.466428872,10266.69314,329.3286643,1.090920941,4232.831212,"12",23.12200951,73.44709323,5.072705732,0.0557489691398886,"1"
"40","not-burned",766.4659702,1.732814153,0.463231241,1133.391452,1218.426467,1.103440046,2652.202078,"4",24.07547724,39.21428296,9.491290006,0.854564595428067,"1"
"41","not-burned",728.4376992,1.826583163,0.559289992,3423.440726,593.2270835,1.103440046,2676.139264,"4",28.43561347,76.97818369,4.640401064,0.0557489392031954,"1"
"42","not-burned",795.4213218,1.131447048,0.536535547,2437.294829,3874.106135,0.48012501,5271.57555,"4",19.37438548,92.59466227,8.808262446,0.0182813595891388,"1"
"43","not-burned",671.1190019,1.669084237,0.619814084,366.4877843,147.4308528,2.220340014,940.8759934,"4",24.66811199,90.75471794,17.5278631,0.00880709530623251,"1"
"44","not-burned",667.1489311,1.921699116,0.474240182,9300.947141,1071.124522,2.220340014,1535.791675,"4",28.42681273,91.94502115,7.89330909,0.103731904767626,"1"
"45","not-burned",673.569037,1.755251161,0.561184523,200.3423625,725.8551257,2.220340014,980.1417166,"4",28.43948317,41.83856212,13.21457082,0.446635456600368,"1"
"46","not-burned",820.6080457,0.90089803,0.559788525,1759.386648,1117.488894,0.802272975,6501.642052,"4",27.42773608,73.92291768,17.47290282,0.0487888716550269,"1"
"47","not-burned",765.5094426,1.638508227,0.542999985,2695.587813,1319.689432,0.802272975,6586.997384,"4",30.13294264,44.75364339,14.54460661,0.323466476297199,"1"
"48","not-burned",751.6927444,3.250648881,0.436596861,4918.522054,1473.001969,0.48012501,3591.587488,"4",25.8909053,74.00536388,5.617970906,0.400309359713889,"1"
"49","not-burned",692.9077718,1.738000647,0.628119767,988.9252888,243.0415458,0.86051755,571.6028216,"3",26.93118701,69.38675368,9.028894626,0.334725357195934,"1"
"50","not-burned",733.1683871,1.830920483,0.484557772,2197.412522,256.3796488,0.802272975,3192.312306,"4",23.39436026,71.24448379,9.394328066,0.298875226251009,"1"
"51","not-burned",774.469085,6.826018736,0.543308882,1337.750959,1718.177357,2.220340014,1277.08116,"4",19.79723389,82.62504037,16.80423873,0.0376328508754104,"1"
"52","not-burned",819.6969856,0.88456677,0.412732135,4526.418007,1428.53531,0.802272975,9171.053098,"12",19.4160134,88.89599673,6.497869099,0.041198045690446,"1"
"53","not-burned",758.2885782,2.917087513,0.395143322,3403.364991,1644.246744,0.48012501,1957.390997,"12",28.38204047,90.00270346,10.23452294,0.0935822393502221,"1"
"54","not-burned",749.2424523,2.76950294,0.488021096,1480.502352,398.1422775,0.802272975,1970.158763,"4",26.49808399,78.27897556,12.93228045,0.204450254613174,"1"
"55","not-burned",761.8834496,3.60313212,0.538778569,1248.248642,203.9163856,0.802272975,2171.331346,"4",22.29297936,58.49979636,7.342868887,0.243268378890936,"1"
"56","not-burned",695.2689681,1.609514406,0.499759514,439.1131778,1477.766057,2.220340014,1040.444731,"4",19.30922471,71.22699692,18.37188949,0.264498722334607,"1"
"57","not-burned",802.0569749,1.273095559,0.476644433,2029.286028,1854.948609,1.103440046,2527.272245,"4",20.08003299,51.16159783,16.18739892,0.652161128543619,"1"
"58","not-burned",742.6204707,2.1452144,0.48914478,14771.44227,715.4499566,2.507019997,2258.468157,"12",27.02341358,42.12747419,17.32359337,0.248882388884585,"0"
"59","not-burned",809.0487635,1.781511617,0.492713721,1029.04675,396.0184964,0.48012501,11764.58269,"4",29.26214428,84.84471039,17.27978522,0.0554315192443348,"1"
"60","not-burned",731.3377655,2.458563601,0.487514092,6131.16602,558.2012209,0.48012501,3292.514324,"4",19.81024701,62.10027936,7.00327952,0.381269873706738,"1"
"61","not-burned",825.5726464,1.448192302,0.37345685,1029.031162,1746.736959,0.48012501,9100.792246,"12",24.30817378,90.05700194,6.099478058,0.0836958110661802,"1"
"62","not-burned",691.44689,5.954856085,0.65540665,190.0651593,380.5585459,2.220340014,1194.317314,"4",23.34111668,85.37309327,5.321318546,0.00399026078335931,"0"
"63","not-burned",820.7747472,0.840027894,0.527494431,555.692394,1032.410395,0.802272975,4395.83635,"4",24.36369394,44.13674386,6.735734907,0.503391392262099,"1"
"64","not-burned",792.3812789,4.752151223,0.510933318,1013.58347,1605.561542,2.220340014,899.2711501,"4",23.56656611,67.12443267,14.05117869,0.220843335273864,"1"
"65","not-burned",698.8996074,1.651850922,0.434588087,10074.45284,479.2228387,0.48012501,1153.196734,"4",25.62817628,34.57453212,12.53775312,0.938104879046797,"1"
"66","not-burned",805.7774135,1.263492722,0.437895544,4440.69817,1791.953735,0.48012501,13473.47878,"12",28.49397709,40.1136068,7.435740833,0.298122388815942,"0"
"67","not-burned",752.451002,2.058155253,0.408076654,955.2467061,957.9492135,0.914987391,9651.362769,"4",19.30317769,66.06208493,8.241860239,0.590004768803017,"1"
"68","not-burned",790.1092929,2.949137069,0.472461108,2833.617411,260.9446003,0.802272975,2447.624175,"4",28.75432535,41.38168642,11.85475836,0.804191138346798,"0"
"69","not-burned",729.9919508,1.503962817,0.541306655,2529.143504,276.0453169,0.802272975,7045.234488,"4",20.28391849,59.80485837,15.98482404,0.161580906722318,"0"
"70","not-burned",758.5295763,2.298216947,0.436634509,2473.628785,206.617843,2.507019997,3655.4357,"12",22.49929995,56.24011535,17.23945752,0.31718522098547,"1"
"71","not-burned",719.9832704,1.447779118,0.604001019,2839.382486,1417.666192,0.802272975,1600.868492,"4",26.49516673,64.91719851,7.371462369,0.0532954098398961,"1"
"72","not-burned",804.8407132,0.707759246,0.496245231,5351.241227,1046.498789,2.220340014,3309.154035,"4",20.99564217,80.92939853,12.00848582,0.136450979038426,"1"
"73","not-burned",740.0866015,3.062437035,0.540611112,1099.728135,717.940856,0.48012501,443.4352075,"4",26.6007497,87.02224557,7.967052907,0.0495029840363096,"0"
"74","not-burned",754.1096418,3.600239526,0.476772606,4202.060676,1262.800034,0.48012501,2444.994834,"4",22.03091911,85.1742422,18.02610698,0.132195458062376,"0"
"75","not-burned",836.0131643,1.256306664,0.468247909,2616.747724,1691.623768,0.48012501,10111.07083,"12",25.10568953,39.31545985,7.174244282,0.263020190214527,"0"
"76","not-burned",816.4501703,1.157899826,0.400932131,1762.5711,3971.446633,0.48012501,5325.907936,"4",25.71052323,48.35095677,17.43103319,0.86915355287086,"1"
"77","not-burned",673.0082961,1.846838624,0.501923323,227.3273498,960.6909308,2.220340014,411.9508677,"4",20.05768911,89.69625422,10.94187466,0.0976335145421146,"1"
"78","burned",787.3166168,3.809106524,0.317617702,4283.684561,867.1678096,0.48012501,3785.271275,"4",23.78541667,40.9702381,9.771904762,0.987563896189521,"1"
"79","burned",792.4816995,2.312964781,0.331693152,7493.62752,642.6930917,0.48012501,3832.384857,"4",27.87202381,36.36309524,9.829553571,0.988625750601639,"1"
"80","burned",716.4248419,2.081773116,0.438523168,9251.931634,485.5523094,0.48012501,1595.47176,"12",26.72619048,32.75595238,10.93133929,0.697995501621253,"1"
"81","burned",747.5891448,1.695244365,0.424301533,4416.395199,187.8732551,0.802272975,5504.680717,"4",29.61636905,35.90178571,16.61464286,0.928049181174045,"0"
"82","burned",814.1036085,1.11442478,0.229247642,986.5189382,1292.514739,1.103440046,3739.407521,"4",26.24107143,32.52380952,11.64666667,0.999157967928445,"1"
"83","burned",793.958203,0.803623802,0.228038101,4075.504355,2437.520131,0.48012501,4957.398559,"12",23.99583333,46.94642857,11.95422619,0.981107381058364,"1"
"84","burned",765.8538249,2.512239869,0.350307042,4585.860537,1523.231116,0.48012501,3889.847782,"4",23.78541667,40.9702381,9.771904762,0.976020044137378,"0"
"85","burned",771.2892641,2.118934239,0.256208197,7866.199431,277.2751798,0.48012501,4962.832948,"15",27.87202381,36.36309524,9.829553571,0.946957243070666,"0"
"86","burned",694.2376988,1.764842377,0.451369104,1161.04809,440.7495246,0.802272975,808.5819595,"4",23.69761905,37.22619048,10.4727381,0.919420305038135,"1"
"87","burned",690.3820626,1.689690178,0.816991815,503.2283954,214.8052988,0.73114143,873.8702464,"3",25.08005952,64.79761905,9.069791667,0.012714091128122,"1"
"88","burned",755.3561992,2.372358566,0.229183666,10200.47733,402.5305483,0.48012501,3119.447203,"4",26.72619048,32.75595238,10.93133929,0.998988831537917,"1"
"89","burned",617.5118055,1.995611356,0.648671077,11266.75258,253.6606716,2.302584271,595.2333593,"4",24.70297619,61.40178571,6.029761905,0.0268258618026717,"1"
"90","burned",783.9704314,2.644342797,0.357684507,3511.384419,2497.835156,0.48012501,2730.10697,"4",23.13154762,51.86904762,11.68702381,0.944267867870597,"1"
"91","burned",762.2273975,4.091812128,0.353661308,4872.199482,188.3687416,0.48012501,3247.66212,"4",23.13154762,51.86904762,11.68702381,0.951006110441266,"0"
"92","burned",793.1166531,2.572886424,0.265013059,3682.311218,1927.127178,0.48012501,3325.46194,"4",23.78541667,40.9702381,9.771904762,0.996041512310058,"1"
"93","burned",789.3009979,2.1466225,0.242330307,1411.792161,1894.32288,1.103440046,2065.772573,"4",26.24107143,32.52380952,11.64666667,0.99889980631884,"0"
"94","burned",822.8701221,0.999568081,0.372740941,274.1089801,1427.204399,0.802272975,3244.104991,"4",25.98065476,64.28869048,7.589672619,0.875715690633729,"0"
"95","burned",779.2279129,2.144300815,0.278151887,8571.040658,450.2141764,0.48012501,3237.701779,"4",27.34196429,36.6875,11.73315476,0.996458342123128,"0"
"96","burned",802.118587,1.866787779,0.278167526,1003.443239,1642.788268,1.103440046,3853.331213,"4",26.24107143,32.52380952,11.64666667,0.997359580599041,"1"
"97","burned",793.537941,2.670430546,0.37530804,7166.888237,818.5531215,0.48012501,3426.495599,"12",27.87202381,36.36309524,9.829553571,0.844176921535128,"1"
"98","burned",776.8957728,3.078337008,0.366495847,2881.544639,2197.73762,0.48012501,2010.044266,"4",23.13154762,51.86904762,11.68702381,0.938919623793464,"1"
"99","burned",739.9980341,4.18931359,0.410479577,11035.39166,146.6815567,0.48012501,2149.208721,"4",26.72619048,32.75595238,10.93133929,0.954399857998646,"0"
"100","burned",697.8581346,2.238388512,0.576243396,440.0982881,143.1536513,1.022821031,444.2801264,"4",23.69761905,37.22619048,10.4727381,0.465179434628762,"1"
"101","burned",722.3893075,4.039432547,0.513300989,11431.95314,273.1374912,0.48012501,1570.779649,"4",27.34196429,36.6875,11.73315476,0.659528998016644,"1"
"102","burned",738.2533466,2.625989448,0.487434818,519.1833352,252.7945831,0.802272975,359.8627473,"4",29.33779762,33.35416667,9.033214286,0.875694355988419,"0"
"103","burned",817.4148271,0.756154372,0.200789634,1241.300164,1097.594334,1.103440046,3076.923784,"12",26.24107143,32.52380952,11.64666667,0.997358958922202,"1"
"104","burned",803.2529138,2.232630844,0.338089517,5399.728504,1437.95354,0.48012501,4541.169529,"12",23.99583333,46.94642857,11.95422619,0.837572810900564,"0"
"105","burned",784.8469053,1.709521918,0.229096552,1269.63207,1844.057128,1.103440046,2087.912751,"4",26.24107143,32.52380952,11.64666667,0.999202865245303,"0"
"106","burned",795.302436,1.681652497,0.313900545,853.0330956,1942.563372,1.103440046,4032.222932,"4",26.24107143,32.52380952,11.64666667,0.994235493056187,"0"
"107","burned",776.6468959,2.264135878,0.28787422,7433.673557,301.2765239,0.48012501,4496.646475,"15",27.87202381,36.36309524,9.829553571,0.905610360527857,"0"
"108","burned",746.7037967,2.504910238,0.415498472,828.3430728,302.5865552,0.802272975,701.1558306,"4",30.15803571,33.35119048,15.86294643,0.968476171657846,"0"
"109","burned",726.1261087,1.68103725,0.401742199,8747.411656,466.1046691,0.48012501,2932.409303,"4",26.72619048,32.75595238,10.93133929,0.9670242585238,"1"
"110","burned",747.1588879,2.55369657,0.458179551,230.5520617,202.0665097,0.802272975,632.8518776,"4",30.15803571,33.35119048,15.86294643,0.928080308134125,"1"
"111","burned",684.3398038,1.540774474,0.745119718,1544.252206,210.135335,0.802272975,746.8718236,"4",25.08005952,64.79761905,9.069791667,0.00375028315911807,"0"
"112","burned",769.9869861,3.460551644,0.215362915,5040.270418,948.4819119,0.48012501,3442.296045,"12",23.78541667,40.9702381,9.771904762,0.991002193589927,"0"
"113","burned",753.0273483,1.488124781,0.218393447,9746.8513,710.3921171,0.48012501,3534.81434,"4",26.72619048,32.75595238,10.93133929,0.999200670311156,"0"
"114","burned",754.0710788,2.529555289,0.258885988,10280.98871,584.0984121,0.48012501,2329.635169,"4",26.72619048,32.75595238,10.93133929,0.998199910836121,"0"
"115","burned",709.2203879,2.007088565,0.449000592,1956.62392,1363.596482,0.802272975,993.8443474,"4",23.69761905,37.22619048,10.4727381,0.910443819456182,"0"
"116","burned",753.9982069,3.813754668,0.326697698,5608.489339,228.4405851,0.48012501,2513.450333,"12",23.13154762,51.86904762,11.68702381,0.852134091410078,"0"
"117","burned",785.9296237,1.894899796,0.359522026,878.0944,2015.874036,1.103440046,4204.637705,"4",26.24107143,32.52380952,11.64666667,0.984427476502184,"0"
"118","burned",779.2842467,2.665895881,0.3537746,8674.951038,600.863022,0.48012501,2554.084806,"12",27.34196429,36.6875,11.73315476,0.900172723492175,"1"
"119","not-burned",679.7792309,1.84049537,0.682103105,223.3827887,226.6791078,1.859779914,749.8294702,"4",21.30051876,66.00554298,13.1733265,0.0129114189304749,"0"
"120","not-burned",749.248114,2.601360595,0.505386655,6717.362297,199.3261904,0.802272975,10073.20807,"12",22.68238123,55.15564929,6.478001961,0.0503084171707217,"0"
"121","not-burned",793.5688008,4.623767532,0.551201095,6432.147511,216.4140086,0.802272975,7624.329235,"4",26.68648246,67.11150289,13.80121048,0.0587877664706398,"0"
"122","not-burned",782.7226373,1.59430614,0.50818554,5516.454154,1000.291735,0.48012501,5519.629208,"12",23.91094397,58.14813151,12.65755311,0.0629441934537296,"0"
"123","not-burned",817.7041714,1.109212586,0.391605197,2942.259492,2579.282139,0.802272975,8461.840988,"12",25.40548503,80.930944,8.857613969,0.10016900184203,"0"
"124","not-burned",704.0096465,1.22099817,0.593182202,204.146256,424.6504261,1.103440046,720.6710017,"4",20.14992547,67.37904596,10.81640798,0.0738746729901206,"1"
"125","not-burned",770.1768174,1.685226245,0.618015455,1445.098527,797.9407486,1.103440046,2231.279435,"4",21.04261929,57.22109409,11.63185927,0.0675080411197001,"0"
"126","not-burned",788.1806415,1.54278878,0.626365459,5223.338157,1090.118929,1.103440046,4666.974743,"4",25.58677743,31.05380031,6.246128484,0.201418520541132,"0"
"127","not-burned",827.9564478,0.972304718,0.534346656,4137.379219,1547.783375,0.802272975,6739.319362,"12",24.85369871,95.1584472,8.050372344,0.00276467818405616,"0"
"128","not-burned",768.4835734,1.952003078,0.653592691,4553.479645,2331.049571,0.672481,7948.568275,"4",26.40726472,64.91329143,13.77228229,0.0083866503553919,"0"
"129","not-burned",843.387699,0.936338778,0.595362481,5695.455133,2347.567685,0.48012501,10566.17995,"4",22.00482348,44.07014933,12.25540073,0.0880097352716334,"0"
"130","not-burned",712.4945517,2.110906879,0.551215461,1551.191483,2502.191354,2.220340014,1975.55529,"4",20.47588768,83.36891901,4.841584106,0.0383936700307071,"0"
"131","not-burned",843.7789401,1.151644751,0.454418737,1594.213333,2020.318234,0.48012501,10902.28407,"12",23.02089769,37.82742917,15.97218789,0.326505952518855,"0"
"132","not-burned",719.9983286,1.748733853,0.608083334,3159.065422,336.4390017,1.103440046,2656.693484,"4",24.11101426,94.66297985,9.137324994,0.00655198941006075,"0"
"133","not-burned",690.9909754,2.202375842,0.504773315,14404.59807,255.5065507,2.507019997,686.3782046,"4",25.29398311,69.11557914,5.36575117,0.231169554094956,"0"
"134","burned",756.0252531,1.602285265,0.451094269,5657.853685,1624.049512,2.220340014,4904.624752,"4",27.25178571,36.20535714,10.0972619,0.864097084628372,"0"
"135","burned",711.5299567,1.768733377,0.715086085,301.2109621,123.8028451,0.802272975,356.3573111,"4",24.6014881,59.75297619,8.467589286,0.0105191483700788,"0"
"136","burned",674.3855806,4.327410819,0.387186737,15888.00565,1653.291663,2.507019997,4445.192559,"4",27.28839286,44.60416667,7.13577381,0.897996797155383,"0"
"137","burned",809.9448448,0.818459325,0.543926737,9662.597248,1344.231167,0.672481,1993.499619,"9",21.29166667,54.83333333,10.04217262,0.277440125578808,"1"
"138","burned",710.3335055,2.817204067,0.43158902,9594.580135,388.0219124,2.364119125,4095.026971,"12",28.69196429,36.10416667,10.7722619,0.606333690128531,"1"
"139","burned",600.7077871,2.182275183,0.533948815,12792.68297,120.6599454,2.276500557,1076.949984,"4",25.66934524,42.3422619,14.76116071,0.508864629115625,"0"
"140","burned",822.0373534,1.127975578,0.291031228,1276.208214,3494.362788,0.895577013,9533.361903,"15",24.60625,79.88392857,5.048005952,0.193298611856377,"1"
"141","burned",713.1581696,1.189226519,0.455295148,1398.682723,273.8550012,0.802272975,5326.242667,"12",27.51458333,41.27380952,12.45544643,0.451631550216983,"0"
"142","burned",675.4196806,1.863148594,0.509308548,11769.78447,342.7125007,2.507019997,481.7599064,"4",22.95029762,43.52083333,9.864434524,0.63689098819002,"0"
"143","burned",823.5358019,0.956920916,0.301525943,2522.082065,1550.191805,0.895577013,8389.394107,"41",24.78630952,79.49702381,5.50202381,4.44805159126068e-06,"0"
"144","burned",732.7177311,2.794755915,0.370495586,9911.955832,767.320509,2.507019997,3790.466362,"4",28.69196429,36.10416667,10.7722619,0.972260514714384,"0"
"145","burned",652.7559058,5.1219437,0.354305765,16044.17956,1085.968723,2.507019997,3962.674423,"4",27.28839286,44.60416667,7.13577381,0.94828523555016,"0"
"146","burned",681.9124612,2.202861466,0.435975147,12668.94878,463.5089315,2.507019997,332.9711923,"4",22.95029762,43.52083333,9.864434524,0.886224421249762,"0"
"147","burned",720.1979134,1.490276285,0.468527649,803.2745195,209.7074559,0.802272975,5671.971846,"4",27.51458333,41.27380952,12.45544643,0.793588564005136,"0"
"148","burned",703.951818,2.186101348,0.34515753,9584.708608,264.3677998,2.00223027,4211.647236,"12",28.69196429,36.10416667,10.7722619,0.909205093786753,"1"
"149","not-burned",685.6121473,1.484327245,0.592365537,503.4882652,175.6715932,0.672481,582.1271437,"4",24.17936123,47.583481,14.98504003,0.241860547432546,"0"
"150","not-burned",839.712478,1.35164539,0.475568883,5660.816163,1963.412476,0.48012501,10323.57841,"12",22.31524127,30.46309629,9.35687453,0.328689058157647,"0"
"151","not-burned",806.3424838,1.848415146,0.476431245,2519.002907,273.709201,0.48012501,12125.105,"12",22.18975354,39.42643972,7.769192421,0.212949885419144,"0"
"152","not-burned",726.8603272,2.211678271,0.503211894,9145.23641,1394.890006,0.802272975,5473.040489,"12",29.88565275,36.96999608,19.66418278,0.209510276706668,"0"
"153","not-burned",784.850985,2.854242725,0.668457754,580.969993,221.4962091,0.802272975,3694.6588,"4",24.94627335,44.14629301,7.01032662,0.0494469198796722,"1"
"154","not-burned",695.9844896,1.65563757,0.541833321,11148.86399,330.7442342,0.48012501,470.5004703,"4",21.99444256,74.40172292,3.98297887,0.099650966214454,"0"
"155","not-burned",764.9688084,3.289253014,0.555101089,11894.67237,104.9068563,2.507019997,1830.736961,"4",23.46824823,34.23676801,6.152390139,0.499046942479466,"0"
"156","not-burned",729.5053615,2.291869457,0.577933315,1359.076758,365.2355414,1.103440046,2193.39419,"4",28.87466178,40.46814665,8.105914933,0.346896457103987,"0"
"157","not-burned",803.5528371,4.432079616,0.573497899,6659.026416,305.9799644,0.48012501,6812.999127,"4",20.0236908,86.49435661,18.64538358,0.0111639842346289,"0"
"158","not-burned",772.9064927,2.60650709,0.565516659,5220.101508,272.3656457,1.103440046,5186.219128,"4",29.35607406,81.55825786,2.994283815,0.0263019205872532,"0"
"159","not-burned",743.3539557,2.598112804,0.46749776,7223.365643,371.3186039,0.48012501,2622.83504,"12",22.61982859,38.65216708,7.640609839,0.434449273432387,"0"
"160","not-burned",789.8882524,6.447050911,0.632269021,4461.637421,184.3242756,0.48012501,8029.349787,"4",20.6048728,58.44828199,6.876990167,0.017468144371784,"0"
"161","not-burned",673.4449287,2.30415432,0.52916144,12903.15313,805.282447,2.507019997,5681.085419,"4",27.49393326,61.5702613,7.949222995,0.14750251567698,"0"
"162","not-burned",742.46499,2.053763965,0.63398451,2396.734067,979.2137892,1.103440046,6294.594704,"4",19.37824656,41.38091242,10.9276936,0.0849463959051475,"0"
"163","not-burned",787.0434264,5.00299612,0.604896409,11292.01215,160.5475367,2.507019997,2144.619318,"4",20.4381706,70.95198226,11.90921337,0.0232759713883051,"0"
"164","not-burned",690.4433856,2.232621892,0.58185999,15392.58643,319.45303,2.507019997,752.8509012,"4",24.8109544,76.01178391,3.189162378,0.0344026996620359,"0"
"165","not-burned",726.6126229,1.598276627,0.630980947,1947.632833,584.6283694,0.802272975,3263.95172,"4",20.21934139,87.94793499,9.794570093,0.00611126771022035,"0"
"166","not-burned",834.230925,1.336186723,0.365726656,460.2746947,1815.733762,0.48012501,9670.148488,"12",29.52973329,85.29623656,10.31316973,0.124721744093843,"0"
"167","not-burned",802.5956966,0.825878765,0.546857131,2593.778782,1985.502463,2.220340014,2442.532336,"4",21.05817617,89.83693121,16.42956369,0.029967152006467,"1"
"168","not-burned",828.6430829,1.010663031,0.569503914,2746.825229,2710.540363,0.802272975,5468.68966,"4",22.52595902,33.4592504,8.775409827,0.375210678764844,"0"
"169","not-burned",691.7555994,2.561190153,0.568049984,10534.10713,400.2190469,0.802272975,7030.973038,"4",24.85537939,30.98791521,6.631808493,0.369357696677689,"0"
"170","not-burned",665.4210761,3.625092756,0.518026173,13231.5973,196.1769126,2.507019997,5567.405268,"4",27.89377529,55.58889571,5.759119313,0.240310770869548,"0"
"171","not-burned",751.6195337,1.888627036,0.570501187,4130.19905,1185.748811,0.802272975,3069.8363,"4",23.50421371,87.23629816,14.25136973,0.0198529336024574,"0"
"172","not-burned",708.4722534,2.221983588,0.507798711,3225.179443,324.5754749,0.48012501,1990.220206,"12",24.34903237,52.07261652,18.73536284,0.138561583739042,"0"
"173","not-burned",847.1831428,0.992646789,0.498191094,3950.638379,577.1532269,0.48012501,6932.295192,"12",28.89730785,67.02279505,15.23112071,0.0427912628316053,"0"
"174","not-burned",817.8545643,1.304085176,0.65954777,2438.684701,376.1371335,0.802272975,6211.054167,"4",24.08666794,87.08152719,4.275463843,0.00272224456288392,"0"
"175","not-burned",760.4214693,4.609839451,0.590473788,8348.1712,262.9632304,0.802272975,9451.681105,"4",20.77619296,86.44188021,18.90533354,0.00568101842673906,"0"
"176","not-burned",772.0049095,3.237889823,0.453590611,6324.438141,720.3587016,0.48012501,2198.429621,"12",26.46949563,84.3162821,19.26017198,0.0419614848721292,"0"
"177","burned",647.2177231,2.458239938,0.385918706,4494.319358,406.7184375,2.220340014,373.6664674,"12",29.31458333,30,12.23943452,0.913187600208193,"0"
"178","burned",690.7083553,1.172192751,0.486177032,1026.36567,600.4858727,0.802272975,464.1130601,"4",28.93988095,36.51488095,10.16193452,0.861065434119346,"0"
"179","burned",680.1949472,1.713124361,0.611747052,2625.234918,208.6229678,2.507019997,711.8479844,"4",22.84583333,53.87797619,10.16883929,0.112036366776261,"0"
"180","burned",755.7938258,2.591941085,0.366397887,3071.230642,468.3051125,2.507019997,3099.788054,"12",26.54732143,30.56845238,10.535625,0.920966578654406,"0"
"181","burned",653.2446866,2.092531009,0.515586251,14142.10634,239.230516,1.283047694,4296.396036,"4",29.12857143,30.70238095,9.849077381,0.699021431190688,"0"
"182","burned",746.0308191,1.43922653,0.587286203,231.8833869,1114.931527,0.802272975,3856.78691,"4",28.13809524,36.6547619,12.91300595,0.325969773400728,"0"
"183","burned",751.5386295,1.796942711,0.256967571,3928.407916,111.5888673,2.507019997,3719.506368,"4",26.54732143,30.56845238,10.535625,0.998689785600388,"1"
"184","burned",764.4815588,5.900055659,0.348169303,10231.82596,1362.777696,0.802272975,7270.719212,"4",28.31369048,40.41071429,13.03104167,0.953624965351036,"0"
"185","burned",742.7235935,2.917154923,0.322122995,4624.505998,215.510076,2.507019997,3131.195503,"12",26.54732143,30.56845238,10.535625,0.965938548811589,"0"
"186","burned",727.1095358,3.08969516,0.474691962,2373.655841,283.1263523,2.507019997,2687.145553,"4",26.54732143,30.56845238,10.535625,0.888768992707521,"1"
"187","burned",693.6694726,1.812505194,0.488709552,10431.01601,225.6144047,0.802272975,6490.97329,"4",29.12857143,30.70238095,9.849077381,0.784926693164992,"0"
"188","burned",722.0577479,2.077804465,0.575713146,742.9208822,192.7329019,0.95992616,1513.330191,"4",28.13809524,36.6547619,12.91300595,0.450069519198703,"0"
"189","burned",700.7682219,1.007597924,0.606054556,444.9620674,811.8444186,0.802272975,595.8456956,"3",28.93988095,36.51488095,10.16193452,0.884652641272525,"0"
"190","burned",740.1675677,1.688717551,0.566726112,1717.914426,683.3154149,0.802272975,1297.995063,"4",30.00327381,30.67857143,6.146904762,0.592371714520971,"0"
"191","burned",716.7826119,2.990272789,0.294392272,3754.215092,344.9669705,2.507019997,2314.71217,"4",26.54732143,30.56845238,10.535625,0.99719088583108,"1"
"192","burned",641.5239536,1.687564488,0.433119343,14078.67003,772.2621908,2.507019997,2152.905424,"4",28.13809524,36.6547619,12.91300595,0.914277801305953,"0"
"193","burned",690.2002577,2.581695763,0.339801533,12034.6766,268.5440447,2.163256152,6167.190663,"12",28.31369048,40.41071429,13.03104167,0.860803899351316,"1"
"194","burned",699.6586346,1.727560142,0.328277635,10610.11296,192.3599007,0.802272975,7608.629054,"12",28.31369048,40.41071429,13.03104167,0.883961785980354,"0"
"195","burned",598.8876528,2.214378004,0.460811661,11143.64475,144.1651412,2.220340014,1903.943059,"4",28.09166667,34.0952381,9.304880952,0.889472678693737,"0"
"196","burned",716.221923,3.247388549,0.28868482,10116.01844,305.3981628,0.802272975,7880.621916,"4",28.31369048,40.41071429,13.03104167,0.989656917885803,"0"
"197","burned",747.962314,1.904726106,0.564691587,758.6756053,310.5340357,0.802272975,2977.589657,"4",28.13809524,36.6547619,12.91300595,0.46977794906466,"0"
"198","burned",757.3874631,2.904455618,0.533907556,1389.450638,892.2156273,2.220340014,1254.626985,"4",28.29732143,34.63988095,11.55720238,0.662838077928777,"0"
"199","burned",696.0141361,2.068597411,0.316024677,11440.71953,502.5993375,0.802272975,6569.037344,"12",28.31369048,40.41071429,13.03104167,0.909820388677277,"0"
"200","burned",642.5794422,1.955939815,0.480573797,14417.43823,593.8848372,2.507019997,2605.401138,"4",28.13809524,36.6547619,12.91300595,0.787810217514772,"1"
"201","burned",686.894159,0.997438748,0.63407585,10385.88224,413.4582806,0.48012501,2741.65285,"4",22.13571429,53.58035714,11.38309524,0.0529465397231155,"0"
"202","burned",695.4629293,1.007496965,0.494500856,306.8291894,192.345363,0.802272975,935.2593762,"4",29.31458333,30,12.23943452,0.893290616845367,"0"
"203","burned",667.5865006,1.974840559,0.522322118,12412.40022,1192.384416,0.802272975,2619.370122,"4",29.12857143,30.70238095,9.849077381,0.694349109896115,"1"
"204","burned",783.9944807,3.146316173,0.482454028,7500.38862,148.1546897,2.444404881,6394.325372,"4",23.79017857,58.32738095,11.18467262,0.379879003006964,"1"
