"","HAS_FIRE","Slope","NDVI","Road","Hydrography","Pop_dens","Ocupations","LULC","Temperature","RH","Wind Speed","FMC","DMC","DC","Prob_fogo","HasFire_Predict"
"1","not-burned",1.522939368,0.509883318,13673.71652,273.9121146,2.507019997,535.2159061,"4",29.07964984,54.98008236,14.23675685,35.69441985,118.6738535,1161.278706,0.000214263210077871,"1"
"2","not-burned",1.197509359,0.52907819,1416.048386,162.9209702,0.672481,2642.55784,"4",25.29100564,92.0724348,12.47997537,45.03192456,123.9200917,209.2105146,2.71958950009852e-05,"1"
"3","not-burned",2.481048731,0.534255548,10679.97572,241.1579031,0.48012501,1627.735351,"4",29.0798204,51.97540939,6.969567411,36.03114274,83.1064652,146.495743,6.56100912217114e-05,"1"
"4","not-burned",2.232790261,0.463694781,12602.71852,875.6495068,2.507019997,2149.284479,"4",27.90004853,88.29897223,8.685840654,19.39497286,212.1735045,609.0937758,7.26555852100623e-07,"1"
"5","not-burned",1.388626773,0.538457765,4656.736913,3283.579032,2.220340014,4763.325774,"4",28.94928868,36.59373292,13.21294094,36.07498841,136.097079,886.5595942,0.000269198115802016,"1"
"6","not-burned",0.967651685,0.354311103,2601.310245,1413.944774,0.895577013,8290.49811,"4",23.24112733,80.82703784,15.59361119,64.75894307,102.2299878,416.1479061,0.0392520438135158,"1"
"7","not-burned",1.721519393,0.402252213,3294.322223,3236.306548,0.48012501,3491.396339,"4",28.28503233,61.47871217,10.76817265,36.80131129,23.70102029,442.2019967,0.00101413094777555,"1"
"8","not-burned",1.865604091,0.512183324,4137.036102,1791.133583,0.48012501,3665.816248,"4",29.74852448,35.03097344,9.457100219,32.78215607,121.2847114,1238.716814,0.000539321739490952,"1"
"9","not-burned",0.813536863,0.451833328,3529.295283,1795.176008,0.802272975,7178.153002,"4",26.66425929,37.42670293,10.35818363,12.84393875,204.2092814,330.6965188,2.31732316456714e-06,"1"
"10","not-burned",4.871848972,0.546409513,181.7202814,222.93214,0.802272975,496.8579756,"4",25.25809995,87.17031453,10.297773,19.23239902,166.8415296,155.0657451,1.05004138647436e-07,"1"
"11","not-burned",1.686812274,0.557083338,7620.014053,190.5963728,0.48012501,1207.301595,"4",21.14974589,43.41830979,14.3421122,86.47197189,172.5456674,107.1978041,0.404137963316762,"1"
"12","not-burned",1.499449304,0.74017663,1023.949369,435.2811862,2.220340014,396.3660105,"3",25.29391384,67.21103003,9.135465979,22.26064161,181.5119125,93.36700564,2.77420174753572e-07,"1"
"13","not-burned",1.781048525,0.49493222,309.9170155,771.9538646,0.802272975,5092.464707,"4",23.25144425,34.94417095,10.81242155,64.26357088,139.8027669,918.0600515,0.14846755123024,"1"
"14","not-burned",2.441764473,0.454247773,3205.565099,156.9486932,0.802272975,3401.488326,"4",25.96633554,49.03452376,10.76133448,64.68825165,92.21320613,482.8119191,0.0841377458312704,"1"
"15","not-burned",1.757145352,0.552498796,7214.25159,218.4019532,0.802272975,7855.420281,"4",25.19580024,79.00758795,5.449622134,66.99472896,221.562515,690.6814854,0.00337379643408404,"1"
"16","not-burned",1.296447142,0.396939273,3253.188224,251.111827,1.103440046,2816.27627,"4",20.83696619,64.57339078,13.88548938,50.21721501,191.4429779,588.7130566,0.00373960359215436,"1"
"17","not-burned",1.700274852,0.514626658,2086.675497,477.9669322,0.802272975,8103.202155,"4",26.19913771,67.50028379,12.58821249,84.75911923,90.00705637,562.9412166,0.312348211638727,"1"
"18","not-burned",1.028738242,0.422505542,3950.310786,1936.169716,0.802272975,9476.239729,"12",25.17902127,83.80625854,11.9108705,79.05429726,228.8756284,86.8521243,0.00909935011514546,"1"
"19","burned",1.289832244,0.665129543,287.4528295,1031.338566,0.802272975,4021.48242,"4",26.43928571,58.69047619,8.989583333,86.97068353,22.75721363,239.1765592,0.202118619870247,"1"
"20","burned",2.004671941,0.370704545,369.2584373,1020.927743,0.802272975,3509.017266,"4",22.26488095,50.39880952,14.49553571,87.77246841,142.1117823,775.0902314,0.97243502210142,"1"
"21","burned",2.343538186,0.409213967,9061.652206,1069.148183,0.48012501,1638.556086,"4",24.20238095,73.84821429,8.665684524,58.73458953,14.95908415,749.8300219,0.0714836969087077,"1"
"22","burned",1.65687943,0.363571948,707.6277556,556.8103694,0.802272975,9681.543256,"4",27.53988095,45.13988095,8.686517857,88.69204504,43.01741547,969.5517021,0.992269352059657,"1"
"23","burned",1.272868621,0.250031808,899.7991232,2354.720681,0.889882401,7061.897987,"4",21.48571429,56.2797619,13.06815476,87.40861035,152.4961471,810.7594635,0.994237333042774,"1"
"24","burned",1.446087557,0.488260094,863.6219777,342.4625926,1.086119405,1444.100473,"15",27.89732143,48.55952381,6.543630952,88.90528998,59.42132401,347.8842913,0.82110279492568,"1"
"25","burned",1.052074822,0.203056455,1545.956497,2580.213632,0.895577013,11851.95924,"4",26.53869048,55.00297619,11.80761905,88.76746541,69.72267387,377.5798092,0.996041688441368,"1"
"26","burned",1.424016243,0.390884155,203.864575,1783.661468,1.103440046,3426.890414,"12",26.10982143,62.23511905,9.955565476,77.40690572,18.84967643,763.2580034,0.55708397573066,"1"
"27","burned",1.842922953,0.53387821,11528.42363,287.4140768,2.484396252,882.7146985,"4",25.96130952,45.7172619,14.97303571,89.63285239,217.085598,1149.187981,0.827402545395497,"1"
"28","burned",1.813589303,0.499767062,8436.239789,1289.536295,0.48012501,1810.181057,"4",24.20238095,73.84821429,8.665684524,58.73458953,14.95908415,749.8300219,0.0198597300995265,"1"
"29","burned",0.976507294,0.449153638,9799.127214,508.6277688,0.48012501,3400.449365,"4",26.69553571,53.95833333,15.2072619,88.98204283,47.90318814,981.6740771,0.960825422807195,"1"
"30","burned",1.201432865,0.451354201,186.4042559,583.356466,0.802272975,3686.65521,"4",22.24613095,54.91071429,15.30633929,87.82109047,143.667536,780.2985349,0.87995161663766,"1"
"31","burned",0.756931913,0.542415986,7759.001377,1763.63356,1.103440046,5326.952065,"41",25.32946429,53.69345238,7.258541667,88.93240888,148.0892038,684.1203418,2.29033967193482e-06,"1"
"32","burned",0.726505288,0.407325913,7362.07881,1681.492766,1.103440046,5633.829437,"4",25.32946429,53.69345238,7.258541667,88.93240888,148.0892038,684.1203418,0.965788381684521,"1"
"33","burned",2.477125444,0.357711645,720.5180214,854.7390541,1.103440046,3731.044391,"4",26.10982143,62.23511905,9.955565476,77.40690572,18.84967643,763.2580034,0.889069078076106,"1"
"34","burned",0.851107316,0.536972727,1744.093547,2285.622325,0.895577013,9167.185118,"4",27.10178571,56.95833333,6.507291667,87.70843867,32.76744207,153.0655137,0.64006731002321,"1"
"35","burned",1.15826545,0.637953873,8374.726513,1209.82293,1.103440046,4783.824415,"3",25.32946429,53.69345238,7.258541667,88.93240888,148.0892038,684.1203418,0.831285146867553,"1"
"36","burned",1.805997649,0.407969601,9349.695359,819.0181844,0.48012501,1838.888032,"4",24.20238095,73.84821429,8.665684524,58.73458953,14.95908415,749.8300219,0.0735535996533991,"1"
"37","not-burned",3.312793544,0.443803559,2793.427211,515.3263498,0.802272975,2644.057447,"4",20.06408721,70.44927183,17.44197506,26.21541733,247.5932118,252.1946338,2.51433338208937e-06,"1"
"38","not-burned",1.445043653,0.563342216,6116.832282,463.3197555,0.48012501,7868.469876,"4",27.12918828,37.95216983,16.6039478,67.38134151,204.6571473,951.2554099,0.0198218425704937,"1"
"39","not-burned",2.203409529,0.466428872,10266.69314,329.3286643,1.090920941,4232.831212,"12",23.12200951,73.44709323,5.072705732,19.17218646,310.4067822,1158.21784,5.07951952005038e-07,"1"
"40","not-burned",1.732814153,0.463231241,1133.391452,1218.426467,1.103440046,2652.202078,"4",24.07547724,39.21428296,9.491290006,39.63889644,75.44936867,993.1005479,0.00491661262597833,"1"
"41","not-burned",1.826583163,0.559289992,3423.440726,593.2270835,1.103440046,2676.139264,"4",28.43561347,76.97818369,4.640401064,49.4187958,81.6058366,198.1482472,0.000216560843054657,"1"
"42","not-burned",1.131447048,0.536535547,2437.294829,3874.106135,0.48012501,5271.57555,"4",19.37438548,92.59466227,8.808262446,70.30564978,200.4215539,212.447934,0.00512613587021758,"1"
"43","not-burned",1.669084237,0.619814084,366.4877843,147.4308528,2.220340014,940.8759934,"4",24.66811199,90.75471794,17.5278631,23.96396327,293.2752043,16.01947066,1.48524785935255e-08,"1"
"44","not-burned",1.921699116,0.474240182,9300.947141,1071.124522,2.220340014,1535.791675,"4",28.42681273,91.94502115,7.89330909,81.15989785,89.78495625,200.592165,0.129494543687333,"1"
"45","not-burned",1.755251161,0.561184523,200.3423625,725.8551257,2.220340014,980.1417166,"4",28.43948317,41.83856212,13.21457082,21.04036372,12.45204238,859.1012606,1.81916031004877e-05,"1"
"46","not-burned",0.90089803,0.559788525,1759.386648,1117.488894,0.802272975,6501.642052,"4",27.42773608,73.92291768,17.47290282,18.1961253,117.9398021,979.902688,4.39381824020598e-07,"0"
"47","not-burned",1.638508227,0.542999985,2695.587813,1319.689432,0.802272975,6586.997384,"4",30.13294264,44.75364339,14.54460661,51.25396591,285.0324652,461.1019747,0.000220163380330393,"1"
"48","not-burned",3.250648881,0.436596861,4918.522054,1473.001969,0.48012501,3591.587488,"4",25.8909053,74.00536388,5.617970906,91.73211607,32.14017636,996.6759538,0.97592486307846,"1"
"49","not-burned",1.738000647,0.628119767,988.9252888,243.0415458,0.86051755,571.6028216,"3",26.93118701,69.38675368,9.028894626,71.86099076,203.4114073,232.4154973,0.0215564478823978,"1"
"50","not-burned",1.830920483,0.484557772,2197.412522,256.3796488,0.802272975,3192.312306,"4",23.39436026,71.24448379,9.394328066,45.48799255,91.69264017,691.1731484,0.000785610512500595,"1"
"51","not-burned",6.826018736,0.543308882,1337.750959,1718.177357,2.220340014,1277.08116,"4",19.79723389,82.62504037,16.80423873,43.29082936,177.4548303,203.617864,1.15571469674189e-05,"1"
"52","not-burned",0.88456677,0.412732135,4526.418007,1428.53531,0.802272975,9171.053098,"12",19.4160134,88.89599673,6.497869099,90.81231807,99.56281311,1061.165053,0.741716730486994,"1"
"53","not-burned",2.917087513,0.395143322,3403.364991,1644.246744,0.48012501,1957.390997,"12",28.38204047,90.00270346,10.23452294,19.92862921,169.1248026,51.45546659,1.98326420993336e-07,"1"
"54","not-burned",2.76950294,0.488021096,1480.502352,398.1422775,0.802272975,1970.158763,"4",26.49808399,78.27897556,12.93228045,57.97769689,160.1687707,668.4886951,0.00193659884290344,"1"
"55","not-burned",3.60313212,0.538778569,1248.248642,203.9163856,0.802272975,2171.331346,"4",22.29297936,58.49979636,7.342868887,48.55552307,107.5165743,196.8853888,0.000541044643420267,"1"
"56","not-burned",1.609514406,0.499759514,439.1131778,1477.766057,2.220340014,1040.444731,"4",19.30922471,71.22699692,18.37188949,65.80937153,207.6678601,1195.953364,0.0270741711723887,"1"
"57","not-burned",1.273095559,0.476644433,2029.286028,1854.948609,1.103440046,2527.272245,"4",20.08003299,51.16159783,16.18739892,27.58401359,296.7381192,373.8472758,8.92012197154196e-06,"1"
"58","not-burned",2.1452144,0.48914478,14771.44227,715.4499566,2.507019997,2258.468157,"12",27.02341358,42.12747419,17.32359337,72.41253066,160.381065,1194.001708,0.0826270980545081,"1"
"59","not-burned",1.781511617,0.492713721,1029.04675,396.0184964,0.48012501,11764.58269,"4",29.26214428,84.84471039,17.27978522,38.68423554,321.162066,598.9711453,1.63286378648022e-06,"1"
"60","not-burned",2.458563601,0.487514092,6131.16602,558.2012209,0.48012501,3292.514324,"4",19.81024701,62.10027936,7.00327952,76.66868522,298.9277525,609.6843963,0.125201241439127,"1"
"61","not-burned",1.448192302,0.37345685,1029.031162,1746.736959,0.48012501,9100.792246,"12",24.30817378,90.05700194,6.099478058,63.34950041,347.426048,203.1059389,0.000506545975513916,"1"
"62","not-burned",5.954856085,0.65540665,190.0651593,380.5585459,2.220340014,1194.317314,"4",23.34111668,85.37309327,5.321318546,51.02649765,43.11705942,949.5319127,0.000175729698532843,"1"
"63","not-burned",0.840027894,0.527494431,555.692394,1032.410395,0.802272975,4395.83635,"4",24.36369394,44.13674386,6.735734907,20.23981751,274.2198548,694.4670416,4.14254135515746e-06,"1"
"64","not-burned",4.752151223,0.510933318,1013.58347,1605.561542,2.220340014,899.2711501,"4",23.56656611,67.12443267,14.05117869,69.4335456,62.70682767,12.16656388,0.0191684077728524,"1"
"65","not-burned",1.651850922,0.434588087,10074.45284,479.2228387,0.48012501,1153.196734,"4",25.62817628,34.57453212,12.53775312,64.9190594,146.5283625,1146.266466,0.434770605887245,"1"
"66","not-burned",1.263492722,0.437895544,4440.69817,1791.953735,0.48012501,13473.47878,"12",28.49397709,40.1136068,7.435740833,75.80414577,185.346974,735.2336244,0.137873086428526,"1"
"67","not-burned",2.058155253,0.408076654,955.2467061,957.9492135,0.914987391,9651.362769,"4",19.30317769,66.06208493,8.241860239,47.52726453,246.9022151,369.2342245,0.000710111236101369,"1"
"68","not-burned",2.949137069,0.472461108,2833.617411,260.9446003,0.802272975,2447.624175,"4",28.75432535,41.38168642,11.85475836,16.55307599,306.1246055,553.6048908,1.30711650836643e-06,"1"
"69","not-burned",1.503962817,0.541306655,2529.143504,276.0453169,0.802272975,7045.234488,"4",20.28391849,59.80485837,15.98482404,82.41253946,191.6030229,564.8940278,0.13305635009467,"1"
"70","not-burned",2.298216947,0.436634509,2473.628785,206.617843,2.507019997,3655.4357,"12",22.49929995,56.24011535,17.23945752,86.82098223,268.4577249,826.9933924,0.268244616226106,"1"
"71","not-burned",1.447779118,0.604001019,2839.382486,1417.666192,0.802272975,1600.868492,"4",26.49516673,64.91719851,7.371462369,73.35390277,92.82890497,423.2433196,0.0362427045958049,"1"
"72","not-burned",0.707759246,0.496245231,5351.241227,1046.498789,2.220340014,3309.154035,"4",20.99564217,80.92939853,12.00848582,21.16603128,241.5210729,251.3749449,5.14872572625335e-07,"1"
"73","not-burned",3.062437035,0.540611112,1099.728135,717.940856,0.48012501,443.4352075,"4",26.6007497,87.02224557,7.967052907,91.30394175,62.71334497,851.7750826,0.667960560737679,"1"
"74","not-burned",3.600239526,0.476772606,4202.060676,1262.800034,0.48012501,2444.994834,"4",22.03091911,85.1742422,18.02610698,62.83177326,237.9213589,236.6308625,0.000836946247381693,"1"
"75","not-burned",1.256306664,0.468247909,2616.747724,1691.623768,0.48012501,10111.07083,"12",25.10568953,39.31545985,7.174244282,83.41784618,211.5271905,907.4768123,0.470123801196882,"1"
"76","not-burned",1.157899826,0.400932131,1762.5711,3971.446633,0.48012501,5325.907936,"4",25.71052323,48.35095677,17.43103319,74.90003106,83.66605217,871.375468,0.768512300475121,"1"
"77","not-burned",1.846838624,0.501923323,227.3273498,960.6909308,2.220340014,411.9508677,"4",20.05768911,89.69625422,10.94187466,18.68710365,308.2193344,237.5759699,1.32036796935568e-07,"1"
"78","burned",3.809106524,0.317617702,4283.684561,867.1678096,0.48012501,3785.271275,"4",23.78541667,40.9702381,9.771904762,90.85574577,210.3786223,807.2194354,0.993938336956412,"1"
"79","burned",2.312964781,0.331693152,7493.62752,642.6930917,0.48012501,3832.384857,"4",27.87202381,36.36309524,9.829553571,91.83687128,307.3618328,1118.334471,0.993140143009442,"1"
"80","burned",2.081773116,0.438523168,9251.931634,485.5523094,0.48012501,1595.47176,"12",26.72619048,32.75595238,10.93133929,91.7369929,300.8701265,1105.987953,0.889036380847799,"1"
"81","burned",1.695244365,0.424301533,4416.395199,187.8732551,0.802272975,5504.680717,"4",29.61636905,35.90178571,16.61464286,92.1791531,314.5053124,1131.336007,0.936790696302366,"1"
"82","burned",1.11442478,0.229247642,986.5189382,1292.514739,1.103440046,3739.407521,"4",26.24107143,32.52380952,11.64666667,91.64236811,297.5375231,1099.973239,0.999099390840082,"1"
"83","burned",0.803623802,0.228038101,4075.504355,2437.520131,0.48012501,4957.398559,"12",23.99583333,46.94642857,11.95422619,89.99113675,289.2230637,998.6973997,0.987148006207894,"1"
"84","burned",2.512239869,0.350307042,4585.860537,1523.231116,0.48012501,3889.847782,"4",23.78541667,40.9702381,9.771904762,90.85574577,210.3786223,807.2194354,0.992174557679885,"1"
"85","burned",2.118934239,0.256208197,7866.199431,277.2751798,0.48012501,4962.832948,"15",27.87202381,36.36309524,9.829553571,91.83687128,307.3618328,1118.334471,0.993496534488584,"1"
"86","burned",1.764842377,0.451369104,1161.04809,440.7495246,0.802272975,808.5819595,"4",23.69761905,37.22619048,10.4727381,90.83488633,198.8010286,780.1171497,0.975684772049349,"1"
"87","burned",1.689690178,0.816991815,503.2283954,214.8052988,0.73114143,873.8702464,"3",25.08005952,64.79761905,9.069791667,86.56700329,19.37956402,138.5067964,0.0993796959915844,"1"
"88","burned",2.372358566,0.229183666,10200.47733,402.5305483,0.48012501,3119.447203,"4",26.72619048,32.75595238,10.93133929,91.7369929,300.8701265,1105.987953,0.998887651457644,"0"
"89","burned",1.995611356,0.648671077,11266.75258,253.6606716,2.302584271,595.2333593,"4",24.70297619,61.40178571,6.029761905,86.98961138,49.66200558,267.3435394,0.283803138931414,"0"
"90","burned",2.644342797,0.357684507,3511.384419,2497.835156,0.48012501,2730.10697,"4",23.13154762,51.86904762,11.68702381,89.23212034,179.724827,736.0500247,0.982312281314454,"0"
"91","burned",4.091812128,0.353661308,4872.199482,188.3687416,0.48012501,3247.66212,"4",23.13154762,51.86904762,11.68702381,89.23212034,179.724827,736.0500247,0.97051900540255,"0"
"92","burned",2.572886424,0.265013059,3682.311218,1927.127178,0.48012501,3325.46194,"4",23.78541667,40.9702381,9.771904762,90.85574577,210.3786223,807.2194354,0.998145298791354,"1"
"93","burned",2.1466225,0.242330307,1411.792161,1894.32288,1.103440046,2065.772573,"4",26.24107143,32.52380952,11.64666667,91.64236811,297.5375231,1099.973239,0.999022651310206,"0"
"94","burned",0.999568081,0.372740941,274.1089801,1427.204399,0.802272975,3244.104991,"4",25.98065476,64.28869048,7.589672619,79.84614044,30.17555135,137.5839314,0.829303573650064,"1"
"95","burned",2.144300815,0.278151887,8571.040658,450.2141764,0.48012501,3237.701779,"4",27.34196429,36.6875,11.73315476,91.78692385,304.0774279,1112.113507,0.996707569247177,"1"
"96","burned",1.866787779,0.278167526,1003.443239,1642.788268,1.103440046,3853.331213,"4",26.24107143,32.52380952,11.64666667,91.64236811,297.5375231,1099.973239,0.997955096046415,"0"
"97","burned",2.670430546,0.37530804,7166.888237,818.5531215,0.48012501,3426.495599,"12",27.87202381,36.36309524,9.829553571,91.83687128,307.3618328,1118.334471,0.935527026408515,"0"
"98","burned",3.078337008,0.366495847,2881.544639,2197.73762,0.48012501,2010.044266,"4",23.13154762,51.86904762,11.68702381,89.23212034,179.724827,736.0500247,0.979133719347522,"1"
"99","burned",4.18931359,0.410479577,11035.39166,146.6815567,0.48012501,2149.208721,"4",26.72619048,32.75595238,10.93133929,91.7369929,300.8701265,1105.987953,0.977738746857536,"0"
"100","burned",2.238388512,0.576243396,440.0982881,143.1536513,1.022821031,444.2801264,"4",23.69761905,37.22619048,10.4727381,90.83488633,198.8010286,780.1171497,0.840884932865622,"0"
"101","burned",4.039432547,0.513300989,11431.95314,273.1374912,0.48012501,1570.779649,"4",27.34196429,36.6875,11.73315476,91.78692385,304.0774279,1112.113507,0.872278099493096,"0"
"102","burned",2.625989448,0.487434818,519.1833352,252.7945831,0.802272975,359.8627473,"4",29.33779762,33.35416667,9.033214286,92.28373374,337.6466461,1175.213721,0.946254012724048,"0"
"103","burned",0.756154372,0.200789634,1241.300164,1097.594334,1.103440046,3076.923784,"12",26.24107143,32.52380952,11.64666667,91.64236811,297.5375231,1099.973239,0.997272087099932,"1"
"104","burned",2.232630844,0.338089517,5399.728504,1437.95354,0.48012501,4541.169529,"12",23.99583333,46.94642857,11.95422619,89.99113675,289.2230637,998.6973997,0.910751325902712,"1"
"105","burned",1.709521918,0.229096552,1269.63207,1844.057128,1.103440046,2087.912751,"4",26.24107143,32.52380952,11.64666667,91.64236811,297.5375231,1099.973239,0.999241406040826,"0"
"106","burned",1.681652497,0.313900545,853.0330956,1942.563372,1.103440046,4032.222932,"4",26.24107143,32.52380952,11.64666667,91.64236811,297.5375231,1099.973239,0.996604383784533,"0"
"107","burned",2.264135878,0.28787422,7433.673557,301.2765239,0.48012501,4496.646475,"15",27.87202381,36.36309524,9.829553571,91.83687128,307.3618328,1118.334471,0.989680556881308,"1"
"108","burned",2.504910238,0.415498472,828.3430728,302.5865552,0.802272975,701.1558306,"4",30.15803571,33.35119048,15.86294643,92.23186003,334.0342395,1168.728918,0.964989146139968,"0"
"109","burned",1.68103725,0.401742199,8747.411656,466.1046691,0.48012501,2932.409303,"4",26.72619048,32.75595238,10.93133929,91.7369929,300.8701265,1105.987953,0.98540037460315,"1"
"110","burned",2.55369657,0.458179551,230.5520617,202.0665097,0.802272975,632.8518776,"4",30.15803571,33.35119048,15.86294643,92.23186003,334.0342395,1168.728918,0.932937773586258,"0"
"111","burned",1.540774474,0.745119718,1544.252206,210.135335,0.802272975,746.8718236,"4",25.08005952,64.79761905,9.069791667,86.56700329,19.37956402,138.5067964,0.0492970720487125,"0"
"112","burned",3.460551644,0.215362915,5040.270418,948.4819119,0.48012501,3442.296045,"12",23.78541667,40.9702381,9.771904762,90.85574577,210.3786223,807.2194354,0.99426585525935,"0"
"113","burned",1.488124781,0.218393447,9746.8513,710.3921171,0.48012501,3534.81434,"4",26.72619048,32.75595238,10.93133929,91.7369929,300.8701265,1105.987953,0.999165965231197,"0"
"114","burned",2.529555289,0.258885988,10280.98871,584.0984121,0.48012501,2329.635169,"4",26.72619048,32.75595238,10.93133929,91.7369929,300.8701265,1105.987953,0.99837316065819,"0"
"115","burned",2.007088565,0.449000592,1956.62392,1363.596482,0.802272975,993.8443474,"4",23.69761905,37.22619048,10.4727381,90.83488633,198.8010286,780.1171497,0.978538414303851,"0"
"116","burned",3.813754668,0.326697698,5608.489339,228.4405851,0.48012501,2513.450333,"12",23.13154762,51.86904762,11.68702381,89.23212034,179.724827,736.0500247,0.916290599731294,"1"
"117","burned",1.894899796,0.359522026,878.0944,2015.874036,1.103440046,4204.637705,"4",26.24107143,32.52380952,11.64666667,91.64236811,297.5375231,1099.973239,0.992851714736217,"1"
"118","burned",2.665895881,0.3537746,8674.951038,600.863022,0.48012501,2554.084806,"12",27.34196429,36.6875,11.73315476,91.78692385,304.0774279,1112.113507,0.948497219202162,"0"
"119","not-burned",1.84049537,0.682103105,223.3827887,226.6791078,1.859779914,749.8294702,"4",21.30051876,66.00554298,13.1733265,66.45341493,54.30083794,512.1685991,0.00301505062562926,"0"
"120","not-burned",2.601360595,0.505386655,6717.362297,199.3261904,0.802272975,10073.20807,"12",22.68238123,55.15564929,6.478001961,48.46765602,116.7494129,666.5927702,0.000244629619075342,"0"
"121","not-burned",4.623767532,0.551201095,6432.147511,216.4140086,0.802272975,7624.329235,"4",26.68648246,67.11150289,13.80121048,92.07879208,8.805556568,475.0606032,0.523857274829023,"1"
"122","not-burned",1.59430614,0.50818554,5516.454154,1000.291735,0.48012501,5519.629208,"12",23.91094397,58.14813151,12.65755311,76.34468926,169.6027909,235.5296589,0.0152710877582645,"1"
"123","not-burned",1.109212586,0.391605197,2942.259492,2579.282139,0.802272975,8461.840988,"12",25.40548503,80.930944,8.857613969,37.91445456,19.40239867,524.1354487,9.76063178680717e-05,"1"
"124","not-burned",1.22099817,0.593182202,204.146256,424.6504261,1.103440046,720.6710017,"4",20.14992547,67.37904596,10.81640798,36.27651533,212.8774139,92.15904161,5.94809699592389e-06,"0"
"125","not-burned",1.685226245,0.618015455,1445.098527,797.9407486,1.103440046,2231.279435,"4",21.04261929,57.22109409,11.63185927,71.54637234,108.5089188,830.5685534,0.0448901629075681,"0"
"126","not-burned",1.54278878,0.626365459,5223.338157,1090.118929,1.103440046,4666.974743,"4",25.58677743,31.05380031,6.246128484,49.84915203,172.8334521,1003.599756,0.00212500379072737,"0"
"127","not-burned",0.972304718,0.534346656,4137.379219,1547.783375,0.802272975,6739.319362,"12",24.85369871,95.1584472,8.050372344,41.06173611,23.81015036,986.0145102,2.10848071318853e-05,"0"
"128","not-burned",1.952003078,0.653592691,4553.479645,2331.049571,0.672481,7948.568275,"4",26.40726472,64.91329143,13.77228229,69.7405675,91.88641138,179.3307859,0.00181254174017326,"0"
"129","not-burned",0.936338778,0.595362481,5695.455133,2347.567685,0.48012501,10566.17995,"4",22.00482348,44.07014933,12.25540073,57.07096822,161.751198,943.988089,0.00355835477853231,"0"
"130","not-burned",2.110906879,0.551215461,1551.191483,2502.191354,2.220340014,1975.55529,"4",20.47588768,83.36891901,4.841584106,43.62048151,3.512948694,246.1053932,0.000251630895767413,"0"
"131","not-burned",1.151644751,0.454418737,1594.213333,2020.318234,0.48012501,10902.28407,"12",23.02089769,37.82742917,15.97218789,16.33079998,130.3853275,564.11965,1.19119635730708e-06,"0"
"132","not-burned",1.748733853,0.608083334,3159.065422,336.4390017,1.103440046,2656.693484,"4",24.11101426,94.66297985,9.137324994,72.22569461,86.34737364,538.6563414,0.00478122634548748,"0"
"133","not-burned",2.202375842,0.504773315,14404.59807,255.5065507,2.507019997,686.3782046,"4",25.29398311,69.11557914,5.36575117,77.55520486,138.8603103,1020.319959,0.401182639055757,"1"
"134","burned",1.602285265,0.451094269,5657.853685,1624.049512,2.220340014,4904.624752,"4",27.25178571,36.20535714,10.0972619,91.69763082,205.1273435,987.8643571,0.978882049474664,"0"
"135","burned",1.768733377,0.715086085,301.2109621,123.8028451,0.802272975,356.3573111,"4",24.6014881,59.75297619,8.467589286,86.8619262,50.0101189,295.1293309,0.115585014624364,"0"
"136","burned",4.327410819,0.387186737,15888.00565,1653.291663,2.507019997,4445.192559,"4",27.28839286,44.60416667,7.13577381,90.05215771,157.7042477,857.8884999,0.984604910493618,"0"
"137","burned",0.818459325,0.543926737,9662.597248,1344.231167,0.672481,1993.499619,"9",21.29166667,54.83333333,10.04217262,88.28585273,114.3619482,577.1711558,0.839879704585865,"0"
"138","burned",2.817204067,0.43158902,9594.580135,388.0219124,2.364119125,4095.026971,"12",28.69196429,36.10416667,10.7722619,92.02217456,183.0933134,943.5466606,0.905300582894834,"0"
"139","burned",2.182275183,0.533948815,12792.68297,120.6599454,2.276500557,1076.949984,"4",25.66934524,42.3422619,14.76116071,89.96703116,107.6931251,739.4702499,0.875622732765044,"0"
"140","burned",1.127975578,0.291031228,1276.208214,3494.362788,0.895577013,9533.361903,"15",24.60625,79.88392857,5.048005952,72.2639691,4.708406366,44.73162162,0.384692432121187,"0"
"141","burned",1.189226519,0.455295148,1398.682723,273.8550012,0.802272975,5326.242667,"12",27.51458333,41.27380952,12.45544643,91.64772934,201.9061697,981.7550356,0.805613537971726,"0"
"142","burned",1.863148594,0.509308548,11769.78447,342.7125007,2.507019997,481.7599064,"4",22.95029762,43.52083333,9.864434524,90.06199202,139.970687,817.0730892,0.948727310100952,"0"
"143","burned",0.956920916,0.301525943,2522.082065,1550.191805,0.895577013,8389.394107,"41",24.78630952,79.49702381,5.50202381,50.39813662,5.154582786,575.6573665,2.57960697680319e-08,"0"
"144","burned",2.794755915,0.370495586,9911.955832,767.320509,2.507019997,3790.466362,"4",28.69196429,36.10416667,10.7722619,92.02217456,183.0933134,943.5466606,0.992915560305578,"0"
"145","burned",5.1219437,0.354305765,16044.17956,1085.968723,2.507019997,3962.674423,"4",27.28839286,44.60416667,7.13577381,90.05215771,157.7042477,857.8884999,0.989368050574737,"0"
"146","burned",2.202861466,0.435975147,12668.94878,463.5089315,2.507019997,332.9711923,"4",22.95029762,43.52083333,9.864434524,90.06199202,139.970687,817.0730892,0.982989420872183,"0"
"147","burned",1.490276285,0.468527649,803.2745195,209.7074559,0.802272975,5671.971846,"4",27.51458333,41.27380952,12.45544643,91.64772934,201.9061697,981.7550356,0.941010295231349,"0"
"148","burned",2.186101348,0.34515753,9584.708608,264.3677998,2.00223027,4211.647236,"12",28.69196429,36.10416667,10.7722619,92.02217456,183.0933134,943.5466606,0.97498328627195,"0"
"149","not-burned",1.484327245,0.592365537,503.4882652,175.6715932,0.672481,582.1271437,"4",24.17936123,47.583481,14.98504003,64.07864656,81.66318293,1013.978479,0.030711958293114,"0"
"150","not-burned",1.35164539,0.475568883,5660.816163,1963.412476,0.48012501,10323.57841,"12",22.31524127,30.46309629,9.35687453,48.37231893,81.19636685,732.5152384,0.00278256826447428,"0"
"151","not-burned",1.848415146,0.476431245,2519.002907,273.709201,0.48012501,12125.105,"12",22.18975354,39.42643972,7.769192421,25.91947179,91.12772784,74.31048451,4.15061675273439e-06,"0"
"152","not-burned",2.211678271,0.503211894,9145.23641,1394.890006,0.802272975,5473.040489,"12",29.88565275,36.96999608,19.66418278,21.90609119,121.7018128,518.7854114,1.07203510919608e-06,"0"
"153","not-burned",2.854242725,0.668457754,580.969993,221.4962091,0.802272975,3694.6588,"4",24.94627335,44.14629301,7.01032662,28.24703979,24.32993447,359.117229,6.37405989459012e-06,"0"
"154","not-burned",1.65563757,0.541833321,11148.86399,330.7442342,0.48012501,470.5004703,"4",21.99444256,74.40172292,3.98297887,77.77604985,112.1777715,26.47206848,0.0907052797295725,"0"
"155","not-burned",3.289253014,0.555101089,11894.67237,104.9068563,2.507019997,1830.736961,"4",23.46824823,34.23676801,6.152390139,70.82417218,143.7312553,641.7598672,0.19296652233426,"0"
"156","not-burned",2.291869457,0.577933315,1359.076758,365.2355414,1.103440046,2193.39419,"4",28.87466178,40.46814665,8.105914933,89.04633951,251.5369344,883.8366036,0.643340165039293,"0"
"157","not-burned",4.432079616,0.573497899,6659.026416,305.9799644,0.48012501,6812.999127,"4",20.0236908,86.49435661,18.64538358,42.7030605,88.06250544,683.0008785,1.28783462928711e-05,"0"
"158","not-burned",2.60650709,0.565516659,5220.101508,272.3656457,1.103440046,5186.219128,"4",29.35607406,81.55825786,2.994283815,92.56598141,98.71243621,266.7704282,0.347248640174968,"0"
"159","not-burned",2.598112804,0.46749776,7223.365643,371.3186039,0.48012501,2622.83504,"12",22.61982859,38.65216708,7.640609839,67.31161558,207.3175553,512.6741286,0.0320469487098154,"0"
"160","not-burned",6.447050911,0.632269021,4461.637421,184.3242756,0.48012501,8029.349787,"4",20.6048728,58.44828199,6.876990167,55.1609992,54.91592413,263.8891621,0.000358682918881467,"0"
"161","not-burned",2.30415432,0.52916144,12903.15313,805.282447,2.507019997,5681.085419,"4",27.49393326,61.5702613,7.949222995,86.3713684,120.8719435,678.6880991,0.535462503576046,"0"
"162","not-burned",2.053763965,0.63398451,2396.734067,979.2137892,1.103440046,6294.594704,"4",19.37824656,41.38091242,10.9276936,91.04591815,89.28758266,723.9625467,0.762187929105784,"0"
"163","not-burned",5.00299612,0.604896409,11292.01215,160.5475367,2.507019997,2144.619318,"4",20.4381706,70.95198226,11.90921337,85.575209,236.7564511,241.2894304,0.0311406842743611,"0"
"164","not-burned",2.232621892,0.58185999,15392.58643,319.45303,2.507019997,752.8509012,"4",24.8109544,76.01178391,3.189162378,59.89854427,249.4305699,314.9257131,0.000631900009756257,"0"
"165","not-burned",1.598276627,0.630980947,1947.632833,584.6283694,0.802272975,3263.95172,"4",20.21934139,87.94793499,9.794570093,90.36780106,214.7173505,100.1143044,0.0339128089658863,"0"
"166","not-burned",1.336186723,0.365726656,460.2746947,1815.733762,0.48012501,9670.148488,"12",29.52973329,85.29623656,10.31316973,72.49234245,256.1397888,271.3263441,0.00501454286395432,"0"
"167","not-burned",0.825878765,0.546857131,2593.778782,1985.502463,2.220340014,2442.532336,"4",21.05817617,89.83693121,16.42956369,68.38538774,254.5863612,322.7500844,0.00126591682313178,"0"
"168","not-burned",1.010663031,0.569503914,2746.825229,2710.540363,0.802272975,5468.68966,"4",22.52595902,33.4592504,8.775409827,50.79538848,79.26849565,913.8652602,0.0120118511295724,"0"
"169","not-burned",2.561190153,0.568049984,10534.10713,400.2190469,0.802272975,7030.973038,"4",24.85537939,30.98791521,6.631808493,39.63396517,232.5586677,601.0036976,0.000139254116565196,"0"
"170","not-burned",3.625092756,0.518026173,13231.5973,196.1769126,2.507019997,5567.405268,"4",27.89377529,55.58889571,5.759119313,33.76256863,195.4935658,775.1553642,3.70098354744635e-05,"0"
"171","not-burned",1.888627036,0.570501187,4130.19905,1185.748811,0.802272975,3069.8363,"4",23.50421371,87.23629816,14.25136973,27.84669582,5.180989288,322.3665457,1.98291140950189e-06,"0"
"172","not-burned",2.221983588,0.507798711,3225.179443,324.5754749,0.48012501,1990.220206,"12",24.34903237,52.07261652,18.73536284,37.86080478,42.31099543,525.8511429,3.45929903332792e-05,"0"
"173","not-burned",0.992646789,0.498191094,3950.638379,577.1532269,0.48012501,6932.295192,"12",28.89730785,67.02279505,15.23112071,27.66970056,39.69132845,489.9876488,1.69048837739526e-06,"0"
"174","not-burned",1.304085176,0.65954777,2438.684701,376.1371335,0.802272975,6211.054167,"4",24.08666794,87.08152719,4.275463843,66.10690176,85.88714027,278.8478531,0.000746630066448671,"0"
"175","not-burned",4.609839451,0.590473788,8348.1712,262.9632304,0.802272975,9451.681105,"4",20.77619296,86.44188021,18.90533354,60.59809476,100.2100181,965.1047636,0.000344939310548328,"0"
"176","not-burned",3.237889823,0.453590611,6324.438141,720.3587016,0.48012501,2198.429621,"12",26.46949563,84.3162821,19.26017198,36.07825452,125.0201428,208.5193845,2.00225714199528e-06,"0"
"177","burned",2.458239938,0.385918706,4494.319358,406.7184375,2.220340014,373.6664674,"12",29.31458333,30,12.23943452,92.71943402,64.80779643,612.6605032,0.983451011642235,"0"
"178","burned",1.172192751,0.486177032,1026.36567,600.4858727,0.802272975,464.1130601,"4",28.93988095,36.51488095,10.16193452,92.76018173,72.0652854,625.4475389,0.984428706258101,"0"
"179","burned",1.713124361,0.611747052,2625.234918,208.6229678,2.507019997,711.8479844,"4",22.84583333,53.87797619,10.16883929,87.22851926,73.13322552,408.3639607,0.486780055024417,"0"
"180","burned",2.591941085,0.366397887,3071.230642,468.3051125,2.507019997,3099.788054,"12",26.54732143,30.56845238,10.535625,92.02932407,218.9498098,827.7004785,0.967936713720784,"0"
"181","burned",2.092531009,0.515586251,14142.10634,239.230516,1.283047694,4296.396036,"4",29.12857143,30.70238095,9.849077381,92.48310597,60.8154459,606.1798782,0.970429030028869,"0"
"182","burned",1.43922653,0.587286203,231.8833869,1114.931527,0.802272975,3856.78691,"4",28.13809524,36.6547619,12.91300595,91.25324326,199.8347921,982.3223995,0.794725518713216,"0"
"183","burned",1.796942711,0.256967571,3928.407916,111.5888673,2.507019997,3719.506368,"4",26.54732143,30.56845238,10.535625,92.02932407,218.9498098,827.7004785,0.998826956512025,"0"
"184","burned",5.900055659,0.348169303,10231.82596,1362.777696,0.802272975,7270.719212,"4",28.31369048,40.41071429,13.03104167,91.03838471,193.4011687,969.8260424,0.981710008946342,"0"
"185","burned",2.917154923,0.322122995,4624.505998,215.510076,2.507019997,3131.195503,"12",26.54732143,30.56845238,10.535625,92.02932407,218.9498098,827.7004785,0.982335563563178,"0"
"186","burned",3.08969516,0.474691962,2373.655841,283.1263523,2.507019997,2687.145553,"4",26.54732143,30.56845238,10.535625,92.02932407,218.9498098,827.7004785,0.964298428043713,"0"
"187","burned",1.812505194,0.488709552,10431.01601,225.6144047,0.802272975,6490.97329,"4",29.12857143,30.70238095,9.849077381,92.48310597,60.8154459,606.1798782,0.976585579829369,"1"
"188","burned",2.077804465,0.575713146,742.9208822,192.7329019,0.95992616,1513.330191,"4",28.13809524,36.6547619,12.91300595,91.25324326,199.8347921,982.3223995,0.823963816693362,"0"
"189","burned",1.007597924,0.606054556,444.9620674,811.8444186,0.802272975,595.8456956,"3",28.93988095,36.51488095,10.16193452,92.76018173,72.0652854,625.4475389,0.985520107247502,"0"
"190","burned",1.688717551,0.566726112,1717.914426,683.3154149,0.802272975,1297.995063,"4",30.00327381,30.67857143,6.146904762,92.76284776,226.7965277,1032.340507,0.944609587065114,"0"
"191","burned",2.990272789,0.294392272,3754.215092,344.9669705,2.507019997,2314.71217,"4",26.54732143,30.56845238,10.535625,92.02932407,218.9498098,827.7004785,0.997935456548166,"0"
"192","burned",1.687564488,0.433119343,14078.67003,772.2621908,2.507019997,2152.905424,"4",28.13809524,36.6547619,12.91300595,91.25324326,199.8347921,982.3223995,0.979233368721302,"0"
"193","burned",2.581695763,0.339801533,12034.6766,268.5440447,2.163256152,6167.190663,"12",28.31369048,40.41071429,13.03104167,91.03838471,193.4011687,969.8260424,0.945007716668176,"0"
"194","burned",1.727560142,0.328277635,10610.11296,192.3599007,0.802272975,7608.629054,"12",28.31369048,40.41071429,13.03104167,91.03838471,193.4011687,969.8260424,0.951710047157293,"0"
"195","burned",2.214378004,0.460811661,11143.64475,144.1651412,2.220340014,1903.943059,"4",28.09166667,34.0952381,9.304880952,91.65122821,209.5640062,1000.762489,0.977958085275459,"0"
"196","burned",3.247388549,0.28868482,10116.01844,305.3981628,0.802272975,7880.621916,"4",28.31369048,40.41071429,13.03104167,91.03838471,193.4011687,969.8260424,0.99353501633503,"0"
"197","burned",1.904726106,0.564691587,758.6756053,310.5340357,0.802272975,2977.589657,"4",28.13809524,36.6547619,12.91300595,91.25324326,199.8347921,982.3223995,0.83376584782094,"0"
"198","burned",2.904455618,0.533907556,1389.450638,892.2156273,2.220340014,1254.626985,"4",28.29732143,34.63988095,11.55720238,92.29906805,246.1401007,882.1486035,0.892019784750857,"0"
"199","burned",2.068597411,0.316024677,11440.71953,502.5993375,0.802272975,6569.037344,"12",28.31369048,40.41071429,13.03104167,91.03838471,193.4011687,969.8260424,0.963680516561006,"0"
"200","burned",1.955939815,0.480573797,14417.43823,593.8848372,2.507019997,2605.401138,"4",28.13809524,36.6547619,12.91300595,91.25324326,199.8347921,982.3223995,0.952748484846747,"0"
"201","burned",0.997438748,0.63407585,10385.88224,413.4582806,0.48012501,2741.65285,"4",22.13571429,53.58035714,11.38309524,87.36759022,74.72854634,413.5523893,0.376660384700482,"0"
"202","burned",1.007496965,0.494500856,306.8291894,192.345363,0.802272975,935.2593762,"4",29.31458333,30,12.23943452,92.71943402,64.80779643,612.6605032,0.983990902969713,"0"
"203","burned",1.974840559,0.522322118,12412.40022,1192.384416,0.802272975,2619.370122,"4",29.12857143,30.70238095,9.849077381,92.48310597,60.8154459,606.1798782,0.976092465671053,"1"
"204","burned",3.146316173,0.482454028,7500.38862,148.1546897,2.444404881,6394.325372,"4",23.79017857,58.32738095,11.18467262,86.95945559,142.6956485,636.8413535,0.644281957251758,"0"
